episode,reward,score,steps,epsilon,loss_mean,ma100_reward
1,-1.05,0,6,1.0,0.0,-1.05
2,-1.16,0,17,0.995,0.0,-1.105
3,-1.09,0,10,0.99,0.0,-1.1
4,-1.08,0,9,0.9851,0.0,-1.095
5,-1.08,0,9,0.9801,0.0,-1.092
6,-1.26,0,27,0.9752,0.021376,-1.12
7,-1.07,0,8,0.9704,0.01424,-1.1129
8,-1.06,0,7,0.9655,0.008344,-1.1062
9,-1.04,0,5,0.9607,0.006703,-1.0989
10,-1.13,0,14,0.9559,0.003852,-1.102
11,-1.16,0,17,0.9511,0.005902,-1.1073
12,-1.17,0,18,0.9464,0.005601,-1.1125
13,-1.12,0,13,0.9416,0.007412,-1.1131
14,-1.05,0,6,0.9369,0.003717,-1.1086
15,-1.26,0,27,0.9322,0.002268,-1.1187
16,-1.06,0,7,0.9276,0.007143,-1.115
17,-1.09,0,10,0.9229,0.004045,-1.1135
18,-0.22,1,24,0.9183,0.004341,-1.0639
19,-1.14,0,15,0.9137,0.003768,-1.0679
20,-1.18,0,19,0.9092,0.003837,-1.0735
21,-1.28,0,29,0.9046,0.001985,-1.0833
22,-1.04,0,5,0.9001,0.00204,-1.0814
23,-1.21,0,22,0.8956,0.000903,-1.087
24,-1.12,0,13,0.8911,0.00081,-1.0883
25,-1.13,0,14,0.8867,0.003131,-1.09
26,-0.52,1,54,0.8822,0.001571,-1.0681
27,-1.32,0,33,0.8778,0.000997,-1.0774
28,-1.05,0,6,0.8734,0.000937,-1.0764
29,-1.1,0,11,0.8691,0.001007,-1.0772
30,-1.77,0,78,0.8647,0.000445,-1.1003
31,-1.06,0,7,0.8604,0.000244,-1.099
32,-1.09,0,10,0.8561,0.000907,-1.0988
33,-1.07,0,8,0.8518,0.001094,-1.0979
34,-1.07,0,8,0.8475,0.003865,-1.0971
35,-0.01,1,3,0.8433,0.007438,-1.066
36,-1.09,0,10,0.8391,0.005874,-1.0667
37,-1.06,0,7,0.8349,0.005964,-1.0665
38,-1.1,0,11,0.8307,0.005162,-1.0674
39,-1.06,0,7,0.8266,0.005182,-1.0672
40,-1.18,0,19,0.8224,0.005812,-1.07
41,-0.1,1,12,0.8183,0.00561,-1.0463
42,-1.09,0,10,0.8142,0.005907,-1.0474
43,-1.13,0,14,0.8102,0.005345,-1.0493
44,-1.41,0,42,0.8061,0.004341,-1.0575
45,-1.14,0,15,0.8021,0.00457,-1.0593
46,-1.09,0,10,0.7981,0.005515,-1.06
47,-1.17,0,18,0.7941,0.004723,-1.0623
48,-1.07,0,8,0.7901,0.003682,-1.0625
49,-1.17,0,18,0.7862,0.004145,-1.0647
50,0.72,2,31,0.7822,0.004809,-1.029
51,-1.19,0,20,0.7783,0.005445,-1.0322
52,-0.05,1,7,0.7744,0.004561,-1.0133
53,-0.21,1,23,0.7705,0.005412,-0.9981
54,-1.15,0,16,0.7667,0.007545,-1.0009
55,-1.15,0,16,0.7629,0.004204,-1.0036
56,-0.08,1,10,0.759,0.006626,-0.9871
57,-0.22,1,24,0.7553,0.006108,-0.9737
58,-1.18,0,19,0.7515,0.005512,-0.9772
59,-0.12,1,14,0.7477,0.005977,-0.9627
60,-1.08,0,9,0.744,0.010543,-0.9647
61,-1.05,0,6,0.7403,0.006904,-0.9661
62,-1.07,0,8,0.7366,0.0069,-0.9677
63,-1.19,0,20,0.7329,0.006171,-0.9713
64,-1.16,0,17,0.7292,0.007831,-0.9742
65,-1.05,0,6,0.7256,0.006153,-0.9754
66,-1.11,0,12,0.7219,0.008056,-0.9774
67,-0.06,1,8,0.7183,0.007445,-0.9637
68,-0.09,1,11,0.7147,0.007991,-0.9509
69,-1.21,0,22,0.7112,0.008975,-0.9546
70,-1.13,0,14,0.7076,0.008914,-0.9571
71,-0.19,1,21,0.7041,0.008099,-0.9463
72,-0.04,1,6,0.7005,0.005996,-0.9338
73,-0.05,1,7,0.697,0.005096,-0.9216
74,-0.25,1,27,0.6936,0.005498,-0.9126
75,-1.04,0,5,0.6901,0.008164,-0.9143
76,0.76,2,27,0.6866,0.006991,-0.8922
77,0.6,2,43,0.6832,0.007166,-0.8729
78,-1.2,0,21,0.6798,0.007747,-0.8771
79,-0.08,1,10,0.6764,0.006576,-0.867
80,-0.08,1,10,0.673,0.009436,-0.8571
81,-1.07,0,8,0.6696,0.007707,-0.8598
82,-1.06,0,7,0.6663,0.0079,-0.8622
83,-0.24,1,26,0.663,0.00702,-0.8547
84,0.84,2,19,0.6597,0.007504,-0.8345
85,-0.14,1,16,0.6564,0.008118,-0.8264
86,-0.17,1,19,0.6531,0.008257,-0.8187
87,-1.34,0,35,0.6498,0.009061,-0.8247
88,1.9,3,14,0.6466,0.008748,-0.7938
89,-0.12,1,14,0.6433,0.010572,-0.7862
90,-1.07,0,8,0.6401,0.007945,-0.7893
91,-1.13,0,14,0.6369,0.007986,-0.7931
92,1.73,3,31,0.6337,0.008387,-0.7657
93,-1.18,0,19,0.6306,0.009135,-0.7701
94,-0.04,1,6,0.6274,0.010487,-0.7623
95,-0.09,1,11,0.6243,0.010907,-0.7553
96,-1.09,0,10,0.6211,0.008327,-0.7588
97,-0.17,1,19,0.618,0.008907,-0.7527
98,-1.25,0,26,0.6149,0.00963,-0.7578
99,3.42,5,64,0.6119,0.012643,-0.7156
100,-0.2,1,22,0.6088,0.011432,-0.7104
101,-0.25,1,27,0.6058,0.009588,-0.7024
102,-0.17,1,19,0.6027,0.011613,-0.6925
103,-0.2,1,22,0.5997,0.011878,-0.6836
104,-1.07,0,8,0.5967,0.011523,-0.6835
105,-1.25,0,26,0.5937,0.01081,-0.6852
106,0.68,2,35,0.5908,0.011786,-0.6658
107,-0.2,1,22,0.5878,0.011249,-0.6571
108,0.9,2,13,0.5849,0.010051,-0.6375
109,-0.14,1,16,0.582,0.012048,-0.6285
110,-0.31,1,33,0.579,0.011502,-0.6203
111,-0.23,1,25,0.5762,0.011724,-0.611
112,-1.14,0,15,0.5733,0.010001,-0.6107
113,-0.07,1,9,0.5704,0.008326,-0.6002
114,-0.05,1,7,0.5676,0.013376,-0.5902
115,0.41,2,62,0.5647,0.010786,-0.5735
116,-0.19,1,21,0.5619,0.010902,-0.5648
117,-0.19,1,21,0.5591,0.010063,-0.5558
118,1.87,3,17,0.5563,0.011258,-0.5349
119,-1.08,0,9,0.5535,0.01153,-0.5343
120,1.59,3,45,0.5507,0.016313,-0.5066
121,0.79,2,24,0.548,0.012886,-0.4859
122,-0.05,1,7,0.5452,0.012103,-0.476
123,-1.12,0,13,0.5425,0.013994,-0.4751
124,-0.07,1,9,0.5398,0.011305,-0.4646
125,-0.48,1,50,0.5371,0.012345,-0.4581
126,0.72,2,31,0.5344,0.011326,-0.4457
127,-1.07,0,8,0.5318,0.012019,-0.4432
128,-1.13,0,14,0.5291,0.011428,-0.444
129,-0.05,1,7,0.5264,0.010797,-0.4335
130,0.7,2,33,0.5238,0.012279,-0.4088
131,-0.22,1,24,0.5212,0.011474,-0.4004
132,-0.1,1,12,0.5186,0.010391,-0.3905
133,1.51,3,53,0.516,0.012151,-0.3647
134,-0.06,1,8,0.5134,0.015869,-0.3546
135,-0.2,1,22,0.5108,0.012626,-0.3565
136,-0.07,1,9,0.5083,0.010187,-0.3463
137,1.77,3,27,0.5058,0.012988,-0.318
138,0.64,2,39,0.5032,0.013355,-0.3006
139,-0.04,1,6,0.5007,0.017475,-0.2904
140,-0.08,1,10,0.4982,0.012417,-0.2794
141,-0.12,1,14,0.4957,0.011651,-0.2796
142,-1.16,0,17,0.4932,0.01277,-0.2803
143,-0.11,1,13,0.4908,0.013816,-0.2701
144,-1.08,0,9,0.4883,0.013853,-0.2668
145,-1.25,0,26,0.4859,0.014591,-0.2679
146,0.85,2,18,0.4834,0.015913,-0.2485
147,-1.13,0,14,0.481,0.01361,-0.2481
148,1.61,3,43,0.4786,0.014363,-0.2213
149,-1.04,0,5,0.4762,0.013099,-0.22
150,0.92,2,11,0.4738,0.014217,-0.218
151,-0.24,1,26,0.4715,0.013501,-0.2085
152,-1.22,0,23,0.4691,0.01413,-0.2202
153,2.76,4,29,0.4668,0.015,-0.1905
154,1.66,3,38,0.4644,0.01426,-0.1624
155,-0.13,1,15,0.4621,0.014542,-0.1522
156,-0.15,1,17,0.4598,0.013247,-0.1529
157,-0.07,1,9,0.4575,0.014019,-0.1514
158,4.87,7,121,0.4552,0.014003,-0.0909
159,0.93,2,10,0.4529,0.012791,-0.0804
160,-1.11,0,12,0.4507,0.014379,-0.0807
161,6.51,8,58,0.4484,0.014634,-0.0051
162,-1.06,0,7,0.4462,0.017574,-0.005
163,1.68,3,36,0.444,0.018618,0.0237
164,1.6,3,44,0.4417,0.021447,0.0513
165,2.76,4,29,0.4395,0.0188,0.0894
166,0.66,2,37,0.4373,0.019114,0.1071
167,-1.1,0,11,0.4351,0.019771,0.0967
168,0.62,2,41,0.433,0.01946,0.1038
169,0.58,2,45,0.4308,0.018649,0.1217
170,-0.14,1,16,0.4286,0.018798,0.1316
171,0.91,2,12,0.4265,0.016279,0.1426
172,-1.04,0,5,0.4244,0.022348,0.1326
173,4.42,6,65,0.4223,0.019323,0.1773
174,-0.09,1,11,0.4201,0.017976,0.1789
175,-0.13,1,15,0.418,0.01882,0.188
176,-0.12,1,14,0.4159,0.019544,0.1792
177,3.41,5,65,0.4139,0.020163,0.2073
178,1.44,3,60,0.4118,0.019104,0.2337
179,-0.1,1,12,0.4097,0.018908,0.2335
180,1.41,3,63,0.4077,0.020445,0.2484
181,3.37,5,69,0.4057,0.018427,0.2928
182,-1.05,0,6,0.4036,0.01684,0.2929
183,-1.13,0,14,0.4016,0.018907,0.284
184,-1.06,0,7,0.3996,0.019999,0.265
185,3.41,5,65,0.3976,0.017962,0.3005
186,1.47,3,57,0.3956,0.019756,0.3169
187,1.76,3,28,0.3936,0.019219,0.3479
188,-0.11,1,13,0.3917,0.017577,0.3278
189,1.56,3,48,0.3897,0.020291,0.3446
190,-1.28,0,29,0.3878,0.019885,0.3425
191,-0.06,1,8,0.3858,0.021814,0.3532
192,0.79,2,24,0.3839,0.016996,0.3438
193,1.68,3,36,0.382,0.017749,0.3724
194,-0.31,1,33,0.3801,0.019227,0.3697
195,-0.14,1,16,0.3782,0.024486,0.3692
196,8.35,10,76,0.3763,0.018433,0.4636
197,2.62,4,43,0.3744,0.017181,0.4915
198,-0.11,1,13,0.3725,0.018936,0.5029
199,3.5,5,56,0.3707,0.019516,0.5037
200,2.51,4,54,0.3688,0.018513,0.5308
201,1.62,3,42,0.367,0.019376,0.5495
202,-0.17,1,19,0.3651,0.019107,0.5495
203,1.85,3,19,0.3633,0.019617,0.57
204,1.75,3,29,0.3615,0.018132,0.5982
205,1.89,3,15,0.3597,0.019779,0.6296
206,-1.08,0,9,0.3579,0.018254,0.612
207,4.39,6,68,0.3561,0.019796,0.6579
208,0.66,2,37,0.3543,0.019008,0.6555
209,0.8,2,23,0.3525,0.021562,0.6649
210,4.46,6,61,0.3508,0.018815,0.7126
211,-1.06,0,7,0.349,0.017845,0.7043
212,-0.05,1,7,0.3473,0.019274,0.7152
213,0.63,2,40,0.3455,0.018888,0.7222
214,0.9,2,13,0.3438,0.018519,0.7317
215,1.72,3,32,0.3421,0.018196,0.7448
216,1.77,3,27,0.3404,0.019797,0.7644
217,-0.08,1,10,0.3387,0.017851,0.7655
218,2.7,4,35,0.337,0.019307,0.7738
219,0.74,2,29,0.3353,0.021068,0.792
220,-0.06,1,8,0.3336,0.019145,0.7755
221,2.6,4,45,0.332,0.018654,0.7936
222,3.73,5,33,0.3303,0.020233,0.8314
223,5.53,7,55,0.3286,0.017624,0.8979
224,-0.06,1,8,0.327,0.021447,0.898
225,-1.06,0,7,0.3254,0.015828,0.8922
226,2.6,4,45,0.3237,0.018498,0.911
227,3.39,5,67,0.3221,0.020186,0.9556
228,0.84,2,19,0.3205,0.018549,0.9753
229,0.88,2,15,0.3189,0.016868,0.9846
230,1.79,3,25,0.3173,0.017238,0.9955
231,0.73,2,30,0.3157,0.017981,1.005
232,4.66,6,41,0.3141,0.017699,1.0526
233,4.48,6,59,0.3126,0.018893,1.0823
234,4.58,6,49,0.311,0.019507,1.1287
235,3.73,5,33,0.3095,0.019621,1.168
236,1.89,3,15,0.3079,0.019059,1.1876
237,1.79,3,25,0.3064,0.018037,1.1878
238,1.85,3,19,0.3048,0.01753,1.1999
239,3.72,5,34,0.3033,0.018269,1.2375
240,6.47,8,62,0.3018,0.018257,1.303
241,-0.23,1,25,0.3003,0.019046,1.3019
242,-0.06,1,8,0.2988,0.024368,1.3129
243,1.76,3,28,0.2973,0.019847,1.3316
244,-0.12,1,14,0.2958,0.020399,1.3412
245,-1.09,0,10,0.2943,0.01546,1.3428
246,0.83,2,20,0.2929,0.018008,1.3426
247,-0.33,1,35,0.2914,0.016593,1.3506
248,-0.11,1,13,0.2899,0.018437,1.3334
249,2.76,4,29,0.2885,0.017956,1.3714
250,1.66,3,38,0.287,0.018476,1.3788
251,-0.2,1,22,0.2856,0.018815,1.3792
252,9.22,11,90,0.2842,0.017705,1.4836
253,-0.1,1,12,0.2828,0.017861,1.455
254,7.42,9,68,0.2813,0.01838,1.5126
255,1.74,3,30,0.2799,0.018499,1.5313
256,-0.08,1,10,0.2785,0.020547,1.532
257,-0.11,1,13,0.2771,0.016708,1.5316
258,0.87,2,16,0.2758,0.019337,1.4916
259,0.75,2,28,0.2744,0.017403,1.4898
260,10.21,12,92,0.273,0.020327,1.603
261,3.67,5,39,0.2716,0.019847,1.5746
262,5.49,7,59,0.2703,0.019694,1.6401
263,-0.1,1,12,0.2689,0.01934,1.6223
264,1.64,3,40,0.2676,0.020029,1.6227
265,-0.03,1,5,0.2663,0.021158,1.5948
266,1.61,3,43,0.2649,0.019148,1.6043
267,0.85,2,18,0.2636,0.018782,1.6238
268,0.66,2,37,0.2623,0.01809,1.6242
269,1.93,3,11,0.261,0.016463,1.6377
270,4.72,6,35,0.2597,0.020505,1.6863
271,-1.11,0,12,0.2584,0.018231,1.6661
272,-0.06,1,8,0.2571,0.018912,1.6759
273,0.72,2,31,0.2558,0.019395,1.6389
274,5.58,7,50,0.2545,0.019509,1.6956
275,0.85,2,18,0.2532,0.018663,1.7054
276,0.89,2,14,0.252,0.022786,1.7155
277,-0.07,1,9,0.2507,0.023248,1.6807
278,0.77,2,26,0.2495,0.019907,1.674
279,2.62,4,43,0.2482,0.020062,1.7012
280,5.42,7,66,0.247,0.018908,1.7413
281,-0.18,1,20,0.2457,0.019473,1.7058
282,4.25,6,82,0.2445,0.019046,1.7588
283,7.21,9,89,0.2433,0.019975,1.8422
284,-0.1,1,12,0.2421,0.018018,1.8518
285,-0.03,1,5,0.2409,0.016635,1.8174
286,1.91,3,13,0.2397,0.01997,1.8218
287,-0.09,1,11,0.2385,0.019602,1.8033
288,0.87,2,16,0.2373,0.019497,1.8131
289,-0.09,1,11,0.2361,0.015739,1.7966
290,-0.08,1,10,0.2349,0.019359,1.8086
291,3.78,5,28,0.2337,0.018575,1.847
292,3.54,5,52,0.2326,0.019637,1.8745
293,-1.04,0,5,0.2314,0.021498,1.8473
294,15.11,18,208,0.2302,0.018656,2.0015
295,-0.15,1,17,0.2291,0.019858,2.0014
296,2.68,4,37,0.2279,0.017867,1.9447
297,3.64,5,42,0.2268,0.018009,1.9549
298,6.48,8,61,0.2257,0.018429,2.0208
299,6.25,8,84,0.2245,0.018219,2.0483
300,1.73,3,31,0.2234,0.017265,2.0405
301,-0.09,1,11,0.2223,0.019187,2.0234
302,-0.07,1,9,0.2212,0.020297,2.0244
303,2.71,4,34,0.2201,0.022574,2.033
304,3.67,5,39,0.219,0.020387,2.0522
305,2.52,4,53,0.2179,0.021074,2.0585
306,-0.08,1,10,0.2168,0.018672,2.0685
307,7.19,9,91,0.2157,0.020214,2.0965
308,1.77,3,27,0.2146,0.019627,2.1076
309,-1.06,0,7,0.2136,0.02529,2.089
310,1.72,3,32,0.2125,0.021279,2.0616
311,-0.12,1,14,0.2114,0.019972,2.071
312,9.91,12,122,0.2104,0.021405,2.1706
313,6.59,8,50,0.2093,0.020948,2.2302
314,3.68,5,38,0.2083,0.021767,2.258
315,2.72,4,33,0.2072,0.020998,2.268
316,8.88,11,124,0.2062,0.019534,2.3391
317,3.54,5,52,0.2052,0.022172,2.3753
318,1.9,3,14,0.2041,0.019154,2.3673
319,-0.1,1,12,0.2031,0.019277,2.3589
320,6.28,8,81,0.2021,0.020516,2.4223
321,2.75,4,30,0.2011,0.019253,2.4238
322,8.21,10,90,0.2001,0.02038,2.4686
323,-0.04,1,6,0.1991,0.017942,2.4129
324,-0.06,1,8,0.1981,0.019164,2.4129
325,-0.12,1,14,0.1971,0.017206,2.4223
326,8.16,10,95,0.1961,0.023842,2.4779
327,8.38,10,73,0.1951,0.025271,2.5278
328,4.47,6,60,0.1942,0.024499,2.5641
329,5.38,7,70,0.1932,0.023876,2.6091
330,-0.1,1,12,0.1922,0.027116,2.5902
331,2.54,4,51,0.1913,0.023696,2.6083
332,0.96,2,7,0.1903,0.023915,2.5713
333,-0.05,1,7,0.1893,0.027616,2.526
334,2.67,4,38,0.1884,0.023211,2.5069
335,5.59,7,49,0.1875,0.02395,2.5255
336,2.78,4,27,0.1865,0.028584,2.5344
337,-0.05,1,7,0.1856,0.024839,2.516
338,3.6,5,46,0.1847,0.028004,2.5335
339,6.5,8,59,0.1837,0.021614,2.5613
340,0.8,2,23,0.1828,0.024537,2.5046
341,1.83,3,21,0.1819,0.021507,2.5252
342,4.68,6,39,0.181,0.025046,2.5726
343,1.71,3,33,0.1801,0.023406,2.5721
344,3.58,5,48,0.1792,0.024263,2.6091
345,1.79,3,25,0.1783,0.023327,2.6379
346,-0.08,1,10,0.1774,0.021946,2.6288
347,8.2,10,91,0.1765,0.023193,2.7141
348,-1.07,0,8,0.1756,0.018021,2.7045
349,3.65,5,41,0.1748,0.024125,2.7134
350,1.72,3,32,0.1739,0.022914,2.714
351,10.1,12,103,0.173,0.023104,2.817
352,6.66,8,43,0.1721,0.020715,2.7914
353,4.67,6,40,0.1713,0.019888,2.8391
354,5.57,7,51,0.1704,0.019103,2.8206
355,-0.13,1,15,0.1696,0.017377,2.8019
356,2.69,4,36,0.1687,0.020065,2.8296
357,5.46,7,62,0.1679,0.023319,2.8853
358,1.76,3,28,0.167,0.01933,2.8942
359,0.84,2,19,0.1662,0.020582,2.8951
360,9.17,11,95,0.1654,0.022105,2.8847
361,2.82,4,23,0.1646,0.02099,2.8762
362,4.61,6,46,0.1637,0.023098,2.8674
363,10.27,12,86,0.1629,0.02563,2.9711
364,1.71,3,33,0.1621,0.022617,2.9718
365,1.8,3,24,0.1613,0.023389,2.9901
366,2.77,4,28,0.1605,0.022352,3.0017
367,14.83,17,135,0.1597,0.026254,3.1415
368,13.1,15,106,0.1589,0.025061,3.2659
369,-0.14,1,16,0.1581,0.026079,3.2452
370,7.04,9,106,0.1573,0.026357,3.2684
371,2.91,4,14,0.1565,0.025984,3.3086
372,6.38,8,71,0.1557,0.024784,3.373
373,3.57,5,49,0.1549,0.026142,3.4015
374,1.75,3,29,0.1542,0.020183,3.3632
375,2.72,4,33,0.1534,0.023013,3.3819
376,4.63,6,44,0.1526,0.0251,3.4193
377,1.89,3,15,0.1519,0.023475,3.4389
378,1.73,3,31,0.1511,0.021539,3.4485
379,0.89,2,14,0.1504,0.028906,3.4312
380,11.01,13,113,0.1496,0.022972,3.4871
381,4.61,6,46,0.1489,0.026104,3.535
382,-0.13,1,15,0.1481,0.02234,3.4912
383,6.49,8,60,0.1474,0.024149,3.484
384,6.26,8,83,0.1466,0.024694,3.5476
385,3.52,5,54,0.1459,0.026931,3.5831
386,6.54,8,55,0.1452,0.021672,3.6294
387,16.54,19,166,0.1444,0.0238,3.7957
388,-0.08,1,10,0.1437,0.021767,3.7862
389,0.75,2,28,0.143,0.021197,3.7946
390,3.54,5,52,0.1423,0.024744,3.8308
391,6.27,8,82,0.1416,0.028495,3.8557
392,3.75,5,31,0.1409,0.025153,3.8578
393,5.54,7,54,0.1402,0.02907,3.9236
394,13.81,16,136,0.1395,0.026645,3.9106
395,5.27,7,81,0.1388,0.02767,3.9648
396,4.47,6,60,0.1381,0.028661,3.9827
397,3.72,5,34,0.1374,0.02114,3.9835
398,10.28,12,85,0.1367,0.025704,4.0215
399,2.72,4,33,0.136,0.026359,3.9862
400,4.48,6,59,0.1353,0.02435,4.0137
401,6.58,8,51,0.1347,0.025024,4.0804
402,0.84,2,19,0.134,0.023601,4.0895
403,8.34,10,77,0.1333,0.027047,4.1458
404,7.31,9,79,0.1326,0.02724,4.1822
405,-0.02,1,4,0.132,0.023932,4.1568
406,6.49,8,60,0.1313,0.03024,4.2225
407,9.94,12,119,0.1307,0.027281,4.25
408,9.22,11,90,0.13,0.02546,4.3245
409,8.9,11,122,0.1294,0.024481,4.4241
410,13.89,16,128,0.1287,0.022543,4.5458
411,0.84,2,19,0.1281,0.025297,4.5554
412,15.85,18,134,0.1274,0.030543,4.6148
413,1.91,3,13,0.1268,0.035381,4.568
414,-0.12,1,14,0.1262,0.028163,4.53
415,7.53,9,57,0.1255,0.026095,4.5781
416,7.4,9,70,0.1249,0.028954,4.5633
417,10.79,13,135,0.1243,0.029343,4.6358
418,-0.08,1,10,0.1237,0.023713,4.616
419,7.58,9,52,0.123,0.027629,4.6928
420,5.6,7,48,0.1224,0.028586,4.686
421,2.69,4,36,0.1218,0.025169,4.6854
422,2.69,4,36,0.1212,0.024904,4.6302
423,8.24,10,87,0.1206,0.027162,4.713
424,7.57,9,53,0.12,0.027879,4.7893
425,6.37,8,72,0.1194,0.030918,4.8542
426,8.08,10,103,0.1188,0.028907,4.8534
427,8.43,10,68,0.1182,0.032532,4.8539
428,12.88,15,128,0.1176,0.028894,4.938
429,3.69,5,37,0.117,0.029903,4.9211
430,4.73,6,34,0.1164,0.025597,4.9694
431,11.06,13,108,0.1159,0.027087,5.0546
432,0.83,2,20,0.1153,0.024101,5.0533
433,0.86,2,17,0.1147,0.023845,5.0624
434,-0.03,1,5,0.1141,0.022627,5.0354
435,0.88,2,15,0.1136,0.027535,4.9883
436,4.64,6,43,0.113,0.028389,5.0069
437,12.99,15,117,0.1124,0.030261,5.1373
438,11.16,13,98,0.1119,0.030378,5.2129
439,4.58,6,49,0.1113,0.02848,5.1937
440,1.71,3,33,0.1107,0.031863,5.2028
441,-1.05,0,6,0.1102,0.030278,5.174
442,1.57,3,47,0.1096,0.026141,5.1429
443,2.63,4,42,0.1091,0.029876,5.1521
444,10.07,12,106,0.1085,0.027213,5.217
445,7.55,9,55,0.108,0.02302,5.2746
446,0.82,2,21,0.1075,0.026966,5.2836
447,4.69,6,38,0.1069,0.0254,5.2485
448,12.77,15,139,0.1064,0.03187,5.3869
449,3.54,5,52,0.1059,0.031962,5.3858
450,4.64,6,43,0.1053,0.033925,5.415
451,9.34,11,78,0.1048,0.029372,5.4074
452,13.99,16,118,0.1043,0.030217,5.4807
453,2.84,4,21,0.1038,0.02738,5.4624
454,12.1,14,105,0.1032,0.029467,5.5277
455,7.36,9,74,0.1027,0.025574,5.6026
456,6.39,8,70,0.1022,0.03183,5.6396
457,0.73,2,30,0.1017,0.026133,5.5923
458,4.69,6,38,0.1012,0.024813,5.6216
459,9.34,11,78,0.1007,0.032244,5.7066
460,7.17,9,93,0.1002,0.029839,5.6866
461,15.08,17,110,0.0997,0.031224,5.8092
462,4.5,6,57,0.0992,0.033099,5.8081
463,3.59,5,47,0.0987,0.03135,5.7413
464,5.55,7,53,0.0982,0.031158,5.7797
465,0.83,2,20,0.0977,0.030053,5.77
466,4.6,6,47,0.0972,0.033455,5.7883
467,1.65,3,39,0.0967,0.031603,5.6565
468,6.32,8,77,0.0962,0.03004,5.5887
469,9.38,11,74,0.0958,0.03019,5.6839
470,10.13,12,100,0.0953,0.031424,5.7148
471,9.35,11,77,0.0948,0.032561,5.7792
472,4.61,6,46,0.0943,0.032653,5.7615
473,10.35,12,78,0.0939,0.027518,5.8293
474,-0.06,1,8,0.0934,0.027957,5.8112
475,11.16,13,98,0.0929,0.025835,5.8956
476,5.45,7,63,0.0925,0.031794,5.9038
477,14.91,17,127,0.092,0.028507,6.034
478,16.73,19,147,0.0915,0.032148,6.184
479,14.03,16,114,0.0911,0.033438,6.3154
480,8.02,10,109,0.0906,0.031729,6.2855
481,9.76,12,137,0.0902,0.030454,6.337
482,3.64,5,42,0.0897,0.040015,6.3747
483,0.89,2,14,0.0893,0.036314,6.3187
484,2.7,4,35,0.0888,0.029162,6.2831
485,3.65,5,41,0.0884,0.027873,6.2844
486,-0.15,1,17,0.0879,0.034015,6.2175
487,-0.11,1,13,0.0875,0.025327,6.051
488,4.69,6,38,0.0871,0.030151,6.0987
489,17.89,20,132,0.0866,0.03252,6.2701
490,6.49,8,60,0.0862,0.035601,6.2996
491,1.75,3,29,0.0858,0.038645,6.2544
492,7.6,9,50,0.0853,0.033801,6.2929
493,16.57,19,163,0.0849,0.035692,6.4032
494,7.32,9,78,0.0845,0.032486,6.3383
495,12.95,15,121,0.0841,0.02665,6.4151
496,4.49,6,58,0.0836,0.032926,6.4153
497,4.56,6,51,0.0832,0.028943,6.4237
498,6.39,8,70,0.0828,0.028064,6.3848
499,9.09,11,103,0.0824,0.031055,6.4485
500,9.88,12,125,0.082,0.033855,6.5025
501,7.41,9,69,0.0816,0.035487,6.5108
502,5.67,7,41,0.0812,0.028436,6.5591
503,6.42,8,67,0.0808,0.031563,6.5399
504,6.57,8,52,0.0804,0.031964,6.5325
505,15.56,18,163,0.08,0.038048,6.6883
506,9.31,11,81,0.0796,0.038839,6.7165
507,6.07,8,102,0.0792,0.035026,6.6778
508,18.26,21,196,0.0788,0.036576,6.7682
509,4.56,6,51,0.0784,0.026216,6.7248
510,7.41,9,69,0.078,0.033345,6.66
511,9.99,12,114,0.0776,0.034632,6.7515
512,5.33,7,75,0.0772,0.03193,6.6463
513,0.85,2,18,0.0768,0.032458,6.6357
514,8.42,10,69,0.0764,0.029552,6.7211
515,11.25,13,89,0.076,0.034338,6.7583
516,7.35,9,75,0.0757,0.042414,6.7578
517,0.76,2,27,0.0753,0.037772,6.6575
518,2.85,4,20,0.0749,0.037363,6.6868
519,8.12,10,99,0.0745,0.037477,6.6922
520,12.91,15,125,0.0742,0.031991,6.7653
521,6.3,8,79,0.0738,0.033983,6.8014
522,10.3,12,83,0.0734,0.037774,6.8775
523,15.76,18,143,0.0731,0.033053,6.9527
524,0.94,2,9,0.0727,0.034583,6.8864
525,15.14,17,104,0.0723,0.037134,6.9741
526,5.66,7,42,0.072,0.032308,6.9499
527,13.5,16,167,0.0716,0.03284,7.0006
528,6.35,8,74,0.0712,0.037993,6.9353
529,16.99,19,121,0.0709,0.03918,7.0683
530,9.51,11,61,0.0705,0.042766,7.1161
531,5.24,7,84,0.0702,0.031576,7.0579
532,14.04,16,113,0.0698,0.042833,7.19
533,0.78,2,25,0.0695,0.037717,7.1892
534,11.25,13,89,0.0691,0.036545,7.302
535,2.8,4,25,0.0688,0.040382,7.3212
536,2.76,4,29,0.0684,0.024853,7.3024
537,12.85,15,131,0.0681,0.034965,7.301
538,5.61,7,47,0.0678,0.039395,7.2455
539,15.04,17,114,0.0674,0.039593,7.3501
540,8.52,10,59,0.0671,0.039008,7.4182
541,0.81,2,22,0.0668,0.033817,7.4368
542,4.73,6,34,0.0664,0.038612,7.4684
543,5.54,7,54,0.0661,0.0429,7.4975
544,18.1,21,212,0.0658,0.036568,7.5778
545,6.51,8,58,0.0654,0.040855,7.5674
546,1.96,3,8,0.0651,0.036948,7.5788
547,8.22,10,89,0.0648,0.040459,7.6141
548,11.24,13,90,0.0645,0.037293,7.5988
549,9.33,11,79,0.0641,0.037486,7.6567
550,12.71,15,145,0.0638,0.04256,7.7374
551,4.55,6,52,0.0635,0.035456,7.6895
552,4.8,6,27,0.0632,0.037064,7.5976
553,-0.11,1,13,0.0629,0.031743,7.5681
554,5.36,7,72,0.0625,0.03307,7.5007
555,11.05,13,109,0.0622,0.03785,7.5376
556,11.95,14,120,0.0619,0.042296,7.5932
557,15.38,18,181,0.0616,0.039954,7.7397
558,0.67,2,36,0.0613,0.040626,7.6995
559,-0.03,1,5,0.061,0.079026,7.6058
560,1.78,3,26,0.0607,0.043173,7.5519
561,7.42,9,68,0.0604,0.038408,7.4753
562,12.8,15,136,0.0601,0.035654,7.5583
563,8.34,10,77,0.0598,0.039441,7.6058
564,4.54,6,53,0.0595,0.043689,7.5957
565,10.02,12,111,0.0592,0.043474,7.6876
566,14.21,16,96,0.0589,0.037135,7.7837
567,11.05,13,109,0.0586,0.037683,7.8777
568,7.4,9,70,0.0583,0.038722,7.8885
569,15.8,18,139,0.058,0.036708,7.9527
570,15.84,18,135,0.0577,0.041684,8.0098
571,7.46,9,64,0.0574,0.040318,7.9909
572,9.21,11,91,0.0571,0.040092,8.0369
573,9.96,12,117,0.0569,0.038718,8.033
574,6.28,8,81,0.0566,0.039834,8.0964
575,5.67,7,41,0.0563,0.04444,8.0415
576,29.24,33,310,0.056,0.0399,8.2794
577,14.69,17,149,0.0557,0.040291,8.2772
578,19.33,22,190,0.0555,0.038035,8.3032
579,8.3,10,81,0.0552,0.043443,8.2459
580,5.56,7,52,0.0549,0.046396,8.2213
581,4.63,6,44,0.0546,0.045324,8.17
582,14.8,17,138,0.0544,0.036739,8.2816
583,-0.04,1,6,0.0541,0.039523,8.2723
584,18.35,21,187,0.0538,0.035586,8.4288
585,6.19,8,90,0.0535,0.043806,8.4542
586,5.8,7,28,0.0533,0.037718,8.5137
587,-1.05,0,6,0.053,0.075281,8.5043
588,11.93,14,122,0.0527,0.040505,8.5767
589,10.91,13,123,0.0525,0.039887,8.5069
590,18.75,21,147,0.0522,0.037023,8.6295
591,18.84,21,138,0.052,0.038999,8.8004
592,13.88,16,129,0.0517,0.042606,8.8632
593,11.92,14,123,0.0514,0.037073,8.8167
594,-0.06,1,8,0.0512,0.061189,8.7429
595,5.46,7,62,0.0509,0.045658,8.668
596,10.21,12,92,0.0507,0.03476,8.7252
597,6.51,8,58,0.0504,0.043856,8.7447
598,7.29,9,81,0.0502,0.038994,8.7537
599,18.36,21,186,0.0499,0.038942,8.8464
600,7.28,9,82,0.0497,0.040311,8.8204
601,11.4,13,74,0.0494,0.038441,8.8603
602,14.55,17,163,0.0492,0.040219,8.9491
603,16.54,19,166,0.0489,0.051837,9.0503
604,5.53,7,55,0.0487,0.043831,9.0399
605,22.14,25,212,0.0484,0.041442,9.1057
606,8.34,10,77,0.0482,0.050345,9.096
607,24.86,28,243,0.0479,0.044484,9.2839
608,9.17,11,95,0.0477,0.03911,9.193
609,1.85,3,19,0.0475,0.048217,9.1659
610,8.48,10,63,0.0472,0.048726,9.1766
611,9.19,11,93,0.047,0.049294,9.1686
612,6.45,8,64,0.0468,0.039486,9.1798
613,10.15,12,98,0.0465,0.042901,9.2728
614,19.49,22,174,0.0463,0.039466,9.3835
615,8.42,10,69,0.0461,0.044979,9.3552
616,5.73,7,35,0.0458,0.043097,9.339
617,7.32,9,78,0.0456,0.046849,9.4046
618,2.67,4,38,0.0454,0.03249,9.4028
619,8.16,10,95,0.0452,0.042633,9.4032
620,5.41,7,67,0.0449,0.046787,9.3282
621,11.32,13,82,0.0447,0.045777,9.3784
622,-0.22,1,24,0.0445,0.0335,9.2732
623,-0.16,1,18,0.0443,0.080702,9.114
624,1.9,3,14,0.044,0.081191,9.1236
625,-0.24,1,26,0.0438,0.049796,8.9698
626,13.07,15,109,0.0436,0.04458,9.0439
627,1.79,3,25,0.0434,0.052099,8.9268
628,21.34,24,191,0.0432,0.046821,9.0767
629,0.88,2,15,0.0429,0.048934,8.9156
630,1.93,3,11,0.0427,0.046255,8.8398
631,-0.04,1,6,0.0425,0.028606,8.787
632,8.36,10,75,0.0423,0.040927,8.7302
633,10.13,12,100,0.0421,0.044236,8.8237
634,1.8,3,24,0.0419,0.046871,8.7292
635,14.67,17,151,0.0417,0.043707,8.8479
636,17.56,20,165,0.0415,0.04964,8.9959
637,0.85,2,18,0.0413,0.053267,8.8759
638,5.56,7,52,0.041,0.0373,8.8754
639,25.2,29,310,0.0408,0.04477,8.977
640,20.26,23,198,0.0406,0.041258,9.0944
641,11.99,14,116,0.0404,0.047443,9.2062
642,24.29,27,199,0.0402,0.040431,9.4018
643,2.73,4,32,0.04,0.044461,9.3737
644,16.5,19,170,0.0398,0.043273,9.3577
645,1.67,3,37,0.0396,0.047676,9.3093
646,7.17,9,93,0.0394,0.051645,9.3614
647,12.86,15,130,0.0392,0.049702,9.4078
648,5.63,7,45,0.039,0.047958,9.3517
649,6.45,8,64,0.0388,0.046423,9.3229
650,21.83,25,243,0.0387,0.046422,9.4141
651,8.57,10,54,0.0385,0.049094,9.4543
652,11.22,13,92,0.0383,0.043695,9.5185
653,20.22,23,202,0.0381,0.049383,9.7218
654,3.69,5,37,0.0379,0.050641,9.7051
655,1.8,3,24,0.0377,0.065744,9.6126
656,20.68,24,257,0.0375,0.047329,9.6999
657,9.26,11,86,0.0373,0.047435,9.6387
658,5.71,7,37,0.0371,0.043641,9.6891
659,6.61,8,48,0.0369,0.041833,9.7555
660,10.15,12,98,0.0368,0.047411,9.8392
661,2.8,4,25,0.0366,0.054276,9.793
662,1.81,3,23,0.0364,0.057812,9.6831
663,16.0,18,119,0.0362,0.059742,9.7597
664,16.8,19,140,0.036,0.049966,9.8823
665,16.73,19,147,0.0359,0.054453,9.9494
666,10.04,12,109,0.0357,0.051611,9.9077
667,4.65,6,42,0.0355,0.038671,9.8437
668,11.04,13,110,0.0353,0.039731,9.8801
669,15.48,18,171,0.0351,0.047282,9.8769
670,10.55,12,58,0.035,0.043167,9.824
671,5.44,7,64,0.0348,0.047134,9.8038
672,4.74,6,33,0.0346,0.039961,9.7591
673,5.75,7,33,0.0344,0.061936,9.717
674,18.74,21,148,0.0343,0.05837,9.8416
675,8.25,10,86,0.0341,0.051995,9.8674
676,13.58,16,159,0.0339,0.056427,9.7108
677,19.63,22,160,0.0338,0.051403,9.7602
678,18.59,21,163,0.0336,0.046504,9.7528
679,17.66,20,155,0.0334,0.048276,9.8464
680,5.55,7,53,0.0333,0.067694,9.8463
681,10.13,12,100,0.0331,0.046962,9.9013
682,21.6,24,165,0.0329,0.05494,9.9693
683,9.3,11,82,0.0328,0.051398,10.0627
684,10.13,12,100,0.0326,0.057046,9.9805
685,35.29,39,311,0.0324,0.052764,10.2715
686,14.51,17,167,0.0323,0.0433,10.3586
687,4.49,6,58,0.0321,0.050834,10.414
688,6.38,8,71,0.0319,0.055427,10.3585
689,13.02,15,114,0.0318,0.048632,10.3796
690,3.76,5,30,0.0316,0.049812,10.2297
691,10.78,13,136,0.0315,0.053604,10.1491
692,5.54,7,54,0.0313,0.05445,10.0657
693,15.48,18,171,0.0312,0.047575,10.1013
694,16.9,19,130,0.031,0.047919,10.2709
695,11.85,14,130,0.0308,0.051614,10.3348
696,9.04,11,108,0.0307,0.050179,10.3231
697,16.89,19,131,0.0305,0.049162,10.4269
698,11.13,13,101,0.0304,0.051845,10.4653
699,9.36,11,76,0.0302,0.049995,10.3753
700,-1.04,0,5,0.0301,0.075986,10.2921
701,13.43,15,73,0.0299,0.038774,10.3124
702,24.34,28,295,0.0298,0.054481,10.4103
703,-0.14,1,16,0.0296,0.058846,10.2435
704,22.49,25,177,0.0295,0.052234,10.4131
705,15.01,17,117,0.0293,0.045178,10.3418
706,23.93,27,235,0.0292,0.047112,10.4977
707,0.82,2,21,0.029,0.03875,10.2573
708,9.23,11,89,0.0289,0.051704,10.2579
709,6.52,8,57,0.0288,0.055306,10.3046
710,16.75,19,145,0.0286,0.054184,10.3873
711,11.62,14,153,0.0285,0.047004,10.4116
712,15.69,18,150,0.0283,0.050034,10.504
713,6.33,8,76,0.0282,0.047484,10.4658
714,0.84,2,19,0.028,0.041309,10.2793
715,10.87,13,127,0.0279,0.050031,10.3038
716,9.1,11,102,0.0278,0.058268,10.3375
717,14.65,17,153,0.0276,0.052694,10.4108
718,19.3,22,193,0.0275,0.053792,10.5771
719,-0.08,1,10,0.0274,0.039983,10.4947
720,7.55,9,55,0.0272,0.05338,10.5161
721,8.11,10,100,0.0271,0.056306,10.484
722,10.09,12,104,0.0269,0.041646,10.5871
723,13.71,16,146,0.0268,0.061897,10.7258
724,0.81,2,22,0.0267,0.059167,10.7149
725,14.86,17,132,0.0265,0.048919,10.8659
726,13.87,16,130,0.0264,0.055234,10.8739
727,10.99,13,115,0.0263,0.0512,10.9659
728,17.02,20,219,0.0261,0.057928,10.9227
729,11.44,13,70,0.026,0.058453,11.0283
730,13.11,15,105,0.0259,0.052861,11.1401
731,9.45,11,67,0.0258,0.050292,11.235
732,15.7,18,149,0.0256,0.060163,11.3084
733,21.45,24,180,0.0255,0.05152,11.4216
734,11.98,14,117,0.0254,0.059665,11.5234
735,3.67,5,39,0.0252,0.06073,11.4134
736,23.38,27,290,0.0251,0.049074,11.4716
737,10.37,12,76,0.025,0.061983,11.5668
738,13.17,15,99,0.0249,0.050289,11.6429
739,7.41,9,69,0.0247,0.042675,11.465
740,1.82,3,22,0.0246,0.038416,11.2806
741,23.31,26,196,0.0245,0.051458,11.3938
742,1.85,3,19,0.0244,0.072778,11.1694
743,10.36,12,77,0.0243,0.050815,11.2457
744,12.9,15,126,0.0241,0.053828,11.2097
745,7.51,9,59,0.024,0.063789,11.2681
746,10.11,12,102,0.0239,0.05241,11.2975
747,9.34,11,78,0.0238,0.051478,11.2623
748,16.33,19,187,0.0237,0.055877,11.3693
749,13.04,15,112,0.0235,0.044835,11.4352
750,12.02,14,113,0.0234,0.058614,11.3371
751,18.24,21,198,0.0233,0.057003,11.4338
752,14.76,17,142,0.0232,0.065049,11.4692
753,15.45,18,174,0.0231,0.060818,11.4215
754,24.14,27,214,0.0229,0.068514,11.626
755,17.17,20,204,0.0228,0.06234,11.7797
756,12.13,14,102,0.0227,0.061787,11.6942
757,20.26,23,198,0.0226,0.064244,11.8042
758,8.26,10,85,0.0225,0.050782,11.8297
759,19.53,22,170,0.0224,0.069966,11.9589
760,6.64,8,45,0.0223,0.055512,11.9238
761,8.36,10,75,0.0222,0.073528,11.9794
762,21.19,24,206,0.022,0.066243,12.1732
763,25.09,28,220,0.0219,0.068061,12.2641
764,11.17,13,97,0.0218,0.057903,12.2078
765,2.66,4,39,0.0217,0.060367,12.0671
766,13.94,16,123,0.0216,0.058151,12.1061
767,5.49,7,59,0.0215,0.05126,12.1145
768,21.25,24,200,0.0214,0.058586,12.2166
769,13.9,16,127,0.0213,0.043322,12.2008
770,21.01,24,224,0.0212,0.072901,12.3054
771,5.51,7,57,0.0211,0.081458,12.3061
772,19.4,22,183,0.021,0.059943,12.4527
773,13.95,16,122,0.0209,0.066362,12.5347
774,14.76,17,142,0.0208,0.059492,12.4949
775,10.27,12,86,0.0207,0.059976,12.5151
776,11.15,13,99,0.0206,0.062745,12.4908
777,13.61,16,156,0.0205,0.072912,12.4306
778,11.16,13,98,0.0203,0.047327,12.3563
779,19.3,22,193,0.0202,0.061266,12.3727
780,17.69,20,152,0.0201,0.069474,12.4941
781,8.36,10,75,0.02,0.055239,12.4764
782,23.66,27,262,0.0199,0.056355,12.497
783,14.68,17,150,0.0198,0.061762,12.5508
784,23.03,26,224,0.0197,0.059084,12.6798
785,9.24,11,88,0.0196,0.064467,12.4193
786,18.54,21,168,0.0195,0.056043,12.4596
787,12.07,14,108,0.0195,0.070183,12.5354
788,16.27,19,193,0.0194,0.050749,12.6343
789,28.51,32,282,0.0193,0.062427,12.7892
790,25.15,29,315,0.0192,0.066012,13.0031
791,17.6,20,161,0.0191,0.060136,13.0713
792,5.59,7,49,0.019,0.062376,13.0718
793,4.66,6,41,0.0189,0.07051,12.9636
794,22.61,26,266,0.0188,0.06982,13.0207
795,21.98,25,228,0.0187,0.063283,13.122
796,12.0,14,115,0.0186,0.062239,13.1516
797,11.01,13,113,0.0185,0.068749,13.0928
798,26.18,29,212,0.0184,0.063905,13.2433
799,14.92,17,126,0.0183,0.056369,13.2989
800,18.09,21,213,0.0182,0.063752,13.4902
801,17.0,19,120,0.0181,0.070801,13.5259
802,10.19,12,94,0.018,0.061146,13.3844
803,6.6,8,49,0.018,0.0632,13.4518
804,13.98,16,119,0.0179,0.073735,13.3667
805,25.98,29,232,0.0178,0.067757,13.4764
806,11.07,13,107,0.0177,0.057852,13.3478
807,5.72,7,36,0.0176,0.056413,13.3968
808,7.4,9,70,0.0175,0.06061,13.3785
809,14.52,17,166,0.0174,0.066902,13.4585
810,10.97,13,117,0.0173,0.080453,13.4007
811,12.14,14,101,0.0172,0.061561,13.4059
812,8.26,10,85,0.0172,0.06601,13.3316
813,15.42,18,177,0.0171,0.063786,13.4225
814,15.61,18,158,0.017,0.065096,13.5702
815,15.73,18,146,0.0169,0.068221,13.6188
816,1.85,3,19,0.0168,0.06135,13.5463
817,10.12,12,101,0.0167,0.059878,13.501
818,9.29,11,83,0.0167,0.074235,13.4009
819,18.82,21,140,0.0166,0.068854,13.5899
820,17.53,20,168,0.0165,0.061775,13.6897
821,10.24,12,89,0.0164,0.058538,13.711
822,16.76,19,144,0.0163,0.073608,13.7777
823,-0.08,1,10,0.0162,0.092718,13.6398
824,5.64,7,44,0.0162,0.05915,13.6881
825,18.32,21,190,0.0161,0.07223,13.7227
826,15.73,18,146,0.016,0.069193,13.7413
827,14.58,17,160,0.0159,0.070362,13.7772
828,10.98,13,116,0.0158,0.077652,13.7168
829,26.23,30,308,0.0158,0.063134,13.8647
830,15.86,18,133,0.0157,0.066433,13.8922
831,12.11,14,104,0.0156,0.060616,13.9188
832,11.18,13,96,0.0155,0.086665,13.8736
833,13.93,16,124,0.0154,0.070345,13.7984
834,14.86,17,132,0.0154,0.074482,13.8272
835,18.62,21,160,0.0153,0.069918,13.9767
836,27.78,31,254,0.0152,0.085208,14.0207
837,19.44,22,179,0.0151,0.06668,14.1114
838,4.68,6,39,0.0151,0.067468,14.0265
839,13.98,16,119,0.015,0.06495,14.0922
840,16.44,19,176,0.0149,0.076287,14.2384
841,21.01,24,224,0.0148,0.080485,14.2154
842,18.24,21,198,0.0148,0.068691,14.3793
843,13.72,16,145,0.0147,0.068873,14.4129
844,12.12,14,103,0.0146,0.059124,14.4051
845,12.12,14,103,0.0145,0.071191,14.4512
846,9.22,11,90,0.0145,0.082376,14.4423
847,17.72,20,149,0.0144,0.081907,14.5261
848,1.8,3,24,0.0143,0.065576,14.3808
849,13.9,16,127,0.0143,0.072427,14.3894
850,17.65,20,156,0.0142,0.07948,14.4457
851,0.91,2,12,0.0141,0.0842,14.2724
852,24.19,27,209,0.014,0.075331,14.3667
853,14.11,16,106,0.014,0.079924,14.3533
854,18.54,21,168,0.0139,0.070706,14.2973
855,20.6,23,164,0.0138,0.070093,14.3316
856,5.53,7,55,0.0138,0.093743,14.2656
857,13.86,16,131,0.0137,0.07334,14.2016
858,5.59,7,49,0.0136,0.079557,14.1749
859,21.9,25,236,0.0136,0.077522,14.1986
860,17.87,20,134,0.0135,0.073506,14.3109
861,19.55,22,168,0.0134,0.072708,14.4228
862,17.16,20,205,0.0134,0.073842,14.3825
863,16.52,19,168,0.0133,0.085546,14.2968
864,21.13,24,212,0.0132,0.086522,14.3964
865,15.45,18,174,0.0132,0.080553,14.5243
866,17.79,20,142,0.0131,0.082099,14.5628
867,15.83,18,136,0.013,0.079982,14.6662
868,16.24,19,196,0.013,0.073062,14.6161
869,24.92,28,237,0.0129,0.077374,14.7263
870,9.29,11,83,0.0128,0.074835,14.6091
871,14.8,17,138,0.0128,0.071392,14.702
872,12.1,14,105,0.0127,0.096111,14.629
873,13.26,15,90,0.0126,0.077216,14.6221
874,6.61,8,48,0.0126,0.073153,14.5406
875,12.79,15,137,0.0125,0.076107,14.5658
876,4.69,6,38,0.0125,0.069478,14.5012
877,19.56,22,167,0.0124,0.075981,14.5607
878,23.06,26,221,0.0123,0.073421,14.6797
879,6.35,8,74,0.0123,0.081012,14.5502
880,7.43,9,67,0.0122,0.075207,14.4476
881,17.72,20,149,0.0121,0.079925,14.5412
882,5.7,7,38,0.0121,0.056365,14.3616
883,9.3,11,82,0.012,0.087631,14.3078
884,29.67,33,267,0.012,0.076001,14.3742
885,15.66,18,153,0.0119,0.08013,14.4384
886,14.05,16,112,0.0118,0.075779,14.3935
887,15.49,18,170,0.0118,0.088285,14.4277
888,12.04,14,111,0.0117,0.080478,14.3854
889,9.36,11,76,0.0117,0.09806,14.1939
890,-1.04,0,5,0.0116,0.059603,13.932
891,14.04,16,113,0.0115,0.081885,13.8964
892,14.7,17,148,0.0115,0.088855,13.9875
893,5.58,7,50,0.0114,0.088034,13.9967
894,6.54,8,55,0.0114,0.073656,13.836
895,15.51,18,168,0.0113,0.087055,13.7713
896,13.89,16,128,0.0113,0.084691,13.7902
897,11.33,13,81,0.0112,0.091671,13.7934
898,6.58,8,51,0.0112,0.094382,13.5974
899,11.98,14,117,0.0111,0.075934,13.568
900,13.97,16,120,0.011,0.083447,13.5268
901,21.05,24,220,0.011,0.079945,13.5673
902,10.36,12,77,0.0109,0.112203,13.569
903,15.74,18,145,0.0109,0.088079,13.6604
904,9.41,11,71,0.0108,0.09309,13.6147
905,15.89,18,130,0.0108,0.074759,13.5138
906,18.41,21,181,0.0107,0.075219,13.5872
907,19.82,23,242,0.0107,0.087355,13.7282
908,13.91,16,126,0.0106,0.082925,13.7933
909,5.74,7,34,0.0106,0.081844,13.7055
910,21.32,24,193,0.0105,0.077949,13.809
911,19.11,22,212,0.0104,0.090328,13.8787
912,18.28,21,194,0.0104,0.07363,13.9789
913,5.64,7,44,0.0103,0.112875,13.8811
914,7.38,9,72,0.0103,0.090883,13.7988
915,15.08,17,110,0.0102,0.089582,13.7923
916,23.51,26,176,0.0102,0.080022,14.0089
917,15.82,18,137,0.0101,0.07147,14.0659
918,12.86,15,130,0.0101,0.094847,14.1016
919,9.21,11,91,0.01,0.116078,14.0055
920,13.78,16,139,0.01,0.095694,13.968
921,23.29,26,198,0.01,0.090767,14.0985
922,6.52,8,57,0.01,0.088738,13.9961
923,11.01,13,113,0.01,0.106276,14.107
924,14.69,17,149,0.01,0.097044,14.1975
925,13.15,15,101,0.01,0.083782,14.1458
926,7.49,9,61,0.01,0.091475,14.0634
927,12.35,14,80,0.01,0.082338,14.0411
928,18.14,21,208,0.01,0.090622,14.1127
929,7.42,9,68,0.01,0.086821,13.9246
930,10.25,12,88,0.01,0.107854,13.8685
931,5.58,7,50,0.01,0.113428,13.8032
932,10.9,13,124,0.01,0.101579,13.8004
933,14.86,17,132,0.01,0.081039,13.8097
934,8.22,10,89,0.01,0.084873,13.7433
935,19.51,22,172,0.01,0.083524,13.7522
936,19.81,22,142,0.01,0.076021,13.6725
937,11.97,14,118,0.01,0.086811,13.5978
938,12.51,15,165,0.01,0.09117,13.6761
939,18.6,21,162,0.01,0.077695,13.7223
940,18.55,21,167,0.01,0.084801,13.7434
941,7.4,9,70,0.01,0.093604,13.6073
942,10.98,13,116,0.01,0.077622,13.5347
943,15.91,18,128,0.01,0.094171,13.5566
944,21.92,25,234,0.01,0.097674,13.6546
945,23.58,27,270,0.01,0.098328,13.7692
946,6.4,8,69,0.01,0.097014,13.741
947,8.36,10,75,0.01,0.109393,13.6474
948,21.22,24,203,0.01,0.096388,13.8416
949,14.84,17,134,0.01,0.092685,13.851
950,7.33,9,77,0.01,0.079367,13.7478
951,13.64,16,153,0.01,0.086979,13.8751
952,7.47,9,63,0.01,0.1015,13.7079
953,12.96,15,120,0.01,0.089159,13.6964
954,16.5,19,170,0.01,0.104927,13.676
955,1.78,3,26,0.01,0.072768,13.4878
956,10.21,12,92,0.01,0.105635,13.5346
957,24.69,28,260,0.01,0.086299,13.6429
958,20.1,23,214,0.01,0.093265,13.788
959,19.62,22,161,0.01,0.089056,13.7652
960,11.86,14,129,0.01,0.102285,13.7051
961,10.34,12,79,0.01,0.10219,13.613
962,17.84,20,137,0.01,0.100673,13.6198
963,21.83,25,243,0.01,0.092058,13.6729
964,24.58,28,271,0.01,0.089421,13.7074
965,21.86,25,240,0.01,0.099459,13.7715
966,17.69,20,152,0.01,0.090908,13.7705
967,15.62,18,157,0.01,0.09821,13.7684
968,7.48,9,62,0.01,0.100728,13.6808
969,16.41,19,179,0.01,0.098961,13.5957
970,8.23,10,88,0.01,0.084092,13.5851
971,13.72,16,145,0.01,0.085043,13.5743
972,17.53,20,168,0.01,0.093307,13.6286
973,16.69,19,151,0.01,0.095018,13.6629
974,9.15,11,97,0.01,0.084979,13.6883
975,21.83,25,243,0.01,0.102863,13.7787
976,15.54,18,165,0.01,0.094803,13.8872
977,8.12,10,99,0.01,0.102354,13.7728
978,15.54,18,165,0.01,0.095317,13.6976
979,17.14,20,207,0.01,0.094101,13.8055
980,16.38,19,182,0.01,0.089257,13.895
981,10.08,12,105,0.01,0.100926,13.8186
982,7.47,9,63,0.01,0.09749,13.8363
983,14.49,17,169,0.01,0.093888,13.8882
984,5.6,7,48,0.01,0.084917,13.6475
985,6.29,8,80,0.01,0.084754,13.5538
986,13.13,15,103,0.01,0.096996,13.5446
987,27.93,31,239,0.01,0.09553,13.669
988,12.66,15,150,0.01,0.096913,13.6752
989,14.4,17,178,0.01,0.107565,13.7256
990,10.48,12,65,0.01,0.101865,13.8408
991,25.5,29,280,0.01,0.106706,13.9554
992,10.31,12,82,0.01,0.079645,13.9115
993,24.88,28,241,0.01,0.104363,14.1045
994,13.02,15,114,0.01,0.097889,14.1693
995,12.01,14,114,0.01,0.10427,14.1343
996,14.75,17,143,0.01,0.106432,14.1429
997,21.26,24,199,0.01,0.098369,14.2422
998,14.0,16,117,0.01,0.097924,14.3164
999,14.07,16,110,0.01,0.100711,14.3373
1000,14.95,17,123,0.01,0.101699,14.3471
1001,20.5,23,174,0.01,0.097515,14.3416
1002,16.54,19,166,0.01,0.106036,14.4034
1003,10.05,12,108,0.01,0.069387,14.3465
1004,25.96,29,234,0.01,0.111014,14.512
1005,11.92,14,123,0.01,0.095357,14.4723
1006,23.16,26,211,0.01,0.097613,14.5198
1007,23.2,26,207,0.01,0.090492,14.5536
1008,3.76,5,30,0.01,0.112252,14.4521
1009,10.83,13,131,0.01,0.105591,14.503
1010,23.53,27,275,0.01,0.103166,14.5251
1011,12.02,14,113,0.01,0.109862,14.4542
1012,20.71,24,254,0.01,0.099224,14.4785
1013,17.27,20,194,0.01,0.091661,14.5948
1014,5.14,7,94,0.01,0.100108,14.5724
1015,7.36,9,74,0.01,0.095082,14.4952
1016,18.52,21,170,0.01,0.112937,14.4453
1017,12.12,14,103,0.01,0.103059,14.4083
1018,14.66,17,152,0.01,0.1011,14.4263
1019,22.09,25,217,0.01,0.110232,14.5551
1020,8.2,10,91,0.01,0.092552,14.4993
1021,7.25,9,85,0.01,0.088086,14.3389
1022,16.03,18,116,0.01,0.081744,14.434
1023,7.36,9,74,0.01,0.108389,14.3975
1024,4.46,6,61,0.01,0.090289,14.2952
1025,20.12,23,212,0.01,0.097719,14.3649
1026,11.27,13,87,0.01,0.099607,14.4027
1027,17.54,20,167,0.01,0.097255,14.4546
1028,10.26,12,87,0.01,0.111327,14.3758
1029,22.69,26,258,0.01,0.098402,14.5285
1030,14.02,16,115,0.01,0.110277,14.5662
1031,10.32,12,81,0.01,0.097133,14.6136
1032,3.7,5,36,0.01,0.096285,14.5416
1033,14.05,16,112,0.01,0.094573,14.5335
1034,10.22,12,91,0.01,0.090781,14.5535
1035,21.5,24,175,0.01,0.100913,14.5734
1036,9.27,11,85,0.01,0.081063,14.468
1037,6.68,8,41,0.01,0.096122,14.4151
1038,16.78,19,142,0.01,0.097876,14.4578
1039,12.97,15,119,0.01,0.120063,14.4015
1040,9.98,12,115,0.01,0.112578,14.3158
1041,12.88,15,128,0.01,0.088922,14.3706
1042,5.43,7,65,0.01,0.106051,14.3151
1043,10.02,12,111,0.01,0.091867,14.2562
1044,1.75,3,29,0.01,0.083005,14.0545
1045,9.29,11,83,0.01,0.097069,13.9116
1046,12.09,14,106,0.01,0.08102,13.9685
1047,19.15,22,208,0.01,0.086838,14.0764
1048,12.04,14,111,0.01,0.093355,13.9846
1049,20.43,23,181,0.01,0.098754,14.0405
1050,13.01,15,115,0.01,0.079572,14.0973
1051,8.24,10,87,0.01,0.115144,14.0433
1052,4.57,6,50,0.01,0.112426,14.0143
1053,13.16,15,100,0.01,0.096996,14.0163
1054,20.31,23,193,0.01,0.089309,14.0544
1055,11.02,13,112,0.01,0.091245,14.1468
1056,29.66,33,268,0.01,0.109995,14.3413
1057,18.49,21,173,0.01,0.08868,14.2793
1058,7.47,9,63,0.01,0.094701,14.153
1059,10.15,12,98,0.01,0.0972,14.0583
1060,24.88,28,241,0.01,0.099924,14.1885
1061,10.82,13,132,0.01,0.087913,14.1933
1062,12.9,15,126,0.01,0.10947,14.1439
1063,11.17,13,97,0.01,0.09813,14.0373
1064,25.32,29,298,0.01,0.089409,14.0447
1065,17.55,20,166,0.01,0.11281,14.0016
1066,11.01,13,113,0.01,0.087272,13.9348
1067,10.09,12,104,0.01,0.099686,13.8795
1068,17.39,20,182,0.01,0.091827,13.9786
1069,4.57,6,50,0.01,0.102043,13.8602
1070,21.11,24,214,0.01,0.112366,13.989
1071,12.16,14,99,0.01,0.092251,13.9734
1072,9.02,11,110,0.01,0.124645,13.8883
1073,15.81,18,138,0.01,0.10115,13.8795
1074,12.26,14,89,0.01,0.094513,13.9106
1075,6.59,8,50,0.01,0.090549,13.7582
1076,13.75,16,142,0.01,0.101289,13.7403
1077,12.64,15,152,0.01,0.115177,13.7855
1078,22.0,24,125,0.01,0.086005,13.8501
1079,17.93,20,128,0.01,0.103271,13.858
1080,7.43,9,67,0.01,0.076826,13.7685
1081,12.1,14,105,0.01,0.102096,13.7887
1082,14.77,17,141,0.01,0.097124,13.8617
1083,23.05,26,222,0.01,0.097611,13.9473
1084,4.69,6,38,0.01,0.096471,13.9382
1085,10.23,12,90,0.01,0.094574,13.9776
1086,10.26,12,87,0.01,0.100291,13.9489
1087,7.33,9,77,0.01,0.093642,13.7429
1088,11.76,14,139,0.01,0.080528,13.7339
1089,6.28,8,81,0.01,0.090395,13.6527
1090,15.93,18,126,0.01,0.090952,13.7072
1091,21.88,25,238,0.01,0.104668,13.671
1092,13.86,16,131,0.01,0.111484,13.7065
1093,21.76,25,250,0.01,0.105763,13.6753
1094,14.62,17,156,0.01,0.103589,13.6913
1095,10.2,12,93,0.01,0.103767,13.6732
1096,14.51,17,167,0.01,0.099368,13.6708
1097,13.72,16,145,0.01,0.114052,13.5954
1098,14.88,17,130,0.01,0.110488,13.6042
1099,8.2,10,91,0.01,0.109726,13.5455
1100,13.87,16,130,0.01,0.116037,13.5347
1101,18.57,21,165,0.01,0.111989,13.5154
1102,22.22,25,204,0.01,0.098622,13.5722
1103,-0.21,1,23,0.01,0.073403,13.4696
1104,18.85,21,137,0.01,0.10041,13.3985
1105,17.78,20,143,0.01,0.094241,13.4571
1106,20.27,23,197,0.01,0.093708,13.4282
1107,17.37,20,184,0.01,0.098707,13.3699
1108,21.93,25,233,0.01,0.105503,13.5516
1109,19.43,22,180,0.01,0.09259,13.6376
1110,17.57,20,164,0.01,0.091453,13.578
1111,13.88,16,129,0.01,0.102847,13.5966
1112,7.44,9,66,0.01,0.092762,13.4639
1113,3.84,5,22,0.01,0.083093,13.3296
1114,19.33,22,190,0.01,0.10271,13.4715
1115,18.04,21,218,0.01,0.097985,13.5783
1116,16.99,20,222,0.01,0.095301,13.563
1117,7.33,9,77,0.01,0.124964,13.5151
1118,17.55,20,166,0.01,0.106108,13.544
1119,12.69,15,147,0.01,0.101316,13.45
1120,18.44,21,178,0.01,0.102217,13.5524
1121,13.02,15,114,0.01,0.077659,13.6101
1122,9.23,11,89,0.01,0.091722,13.5421
1123,12.04,14,111,0.01,0.122853,13.5889
1124,20.74,24,251,0.01,0.094559,13.7517
1125,6.58,8,51,0.01,0.103512,13.6163
1126,15.65,18,154,0.01,0.112789,13.6601
1127,16.93,19,127,0.01,0.107108,13.654
1128,21.46,24,179,0.01,0.094503,13.766
1129,7.3,9,80,0.01,0.103287,13.6121
1130,7.28,9,82,0.01,0.091767,13.5447
1131,9.56,11,56,0.01,0.092164,13.5371
1132,18.16,21,206,0.01,0.098139,13.6817
1133,15.02,17,116,0.01,0.101966,13.6914
1134,22.84,26,243,0.01,0.094176,13.8176
1135,28.49,32,284,0.01,0.108734,13.8875
1136,9.29,11,83,0.01,0.106195,13.8877
1137,19.0,22,223,0.01,0.106073,14.0109
1138,12.07,14,108,0.01,0.110984,13.9638
1139,7.4,9,70,0.01,0.093138,13.9081
1140,12.87,15,129,0.01,0.101482,13.937
1141,21.32,24,193,0.01,0.109731,14.0214
1142,20.45,23,179,0.01,0.109623,14.1716
1143,12.05,14,110,0.01,0.083841,14.1919
1144,18.32,21,190,0.01,0.10316,14.3576
1145,7.34,9,76,0.01,0.105816,14.3381
1146,15.76,18,143,0.01,0.124935,14.3748
1147,5.46,7,62,0.01,0.0784,14.2379
1148,13.04,15,112,0.01,0.099072,14.2479
1149,13.81,16,136,0.01,0.087119,14.1817
1150,6.4,8,69,0.01,0.085035,14.1156
1151,10.16,12,97,0.01,0.104008,14.1348
1152,9.19,11,93,0.01,0.109102,14.181
1153,10.33,12,80,0.01,0.096285,14.1527
1154,7.21,9,89,0.01,0.098991,14.0217
1155,6.49,8,60,0.01,0.100971,13.9764
1156,9.15,11,97,0.01,0.104433,13.7713
1157,9.03,11,109,0.01,0.086429,13.6767
1158,12.02,14,113,0.01,0.104792,13.7222
1159,10.91,13,123,0.01,0.106898,13.7298
1160,18.93,22,230,0.01,0.094846,13.6703
1161,8.36,10,75,0.01,0.090952,13.6457
1162,17.51,20,170,0.01,0.094022,13.6918
1163,9.05,11,107,0.01,0.090374,13.6706
1164,16.66,19,154,0.01,0.094002,13.584
1165,17.42,20,179,0.01,0.100061,13.5827
1166,23.95,27,233,0.01,0.097765,13.7121
1167,13.02,15,114,0.01,0.111326,13.7414
1168,13.91,16,126,0.01,0.102485,13.7066
1169,12.84,15,132,0.01,0.085157,13.7893
1170,23.99,27,229,0.01,0.10883,13.8181
1171,15.61,18,158,0.01,0.111834,13.8526
1172,16.51,19,169,0.01,0.1101,13.9275
1173,14.89,17,129,0.01,0.10407,13.9183
1174,5.48,7,60,0.01,0.114806,13.8505
1175,5.69,7,39,0.01,0.112381,13.8415
1176,13.6,16,157,0.01,0.106355,13.84
1177,5.34,7,74,0.01,0.11494,13.767
1178,14.63,17,155,0.01,0.09945,13.6933
1179,29.52,33,282,0.01,0.104536,13.8092
1180,9.26,11,86,0.01,0.095337,13.8275
1181,14.16,16,101,0.01,0.109395,13.8481
1182,11.19,13,95,0.01,0.121468,13.8123
1183,9.32,11,80,0.01,0.092096,13.675
1184,14.75,17,143,0.01,0.100391,13.7756
1185,10.26,12,87,0.01,0.113765,13.7759
1186,7.4,9,70,0.01,0.131413,13.7473
1187,13.77,16,140,0.01,0.121298,13.8117
1188,10.28,12,85,0.01,0.093648,13.7969
1189,4.57,6,50,0.01,0.08229,13.7798
1190,9.36,11,76,0.01,0.122628,13.7141
1191,9.23,11,89,0.01,0.109089,13.5876
1192,13.17,15,99,0.01,0.106961,13.5807
1193,16.08,19,212,0.01,0.101997,13.5239
1194,11.26,13,88,0.01,0.10471,13.4903
1195,1.73,3,31,0.01,0.162463,13.4056
1196,2.73,4,32,0.01,0.08795,13.2878
1197,11.68,14,147,0.01,0.116109,13.2674
1198,12.01,14,114,0.01,0.0966,13.2387
1199,8.07,10,104,0.01,0.096126,13.2374
1200,13.88,16,129,0.01,0.108449,13.2375
1201,3.72,5,34,0.01,0.080075,13.089
1202,5.48,7,60,0.01,0.126859,12.9216
1203,7.47,9,63,0.01,0.12201,12.9984
1204,17.51,20,170,0.01,0.112805,12.985
1205,17.45,20,176,0.01,0.094599,12.9817
1206,21.23,24,202,0.01,0.098307,12.9913
1207,21.97,25,229,0.01,0.110038,13.0373
1208,12.02,14,113,0.01,0.090298,12.9382
1209,11.17,13,97,0.01,0.100699,12.8556
1210,15.82,18,137,0.01,0.100159,12.8381
1211,12.2,14,95,0.01,0.110788,12.8213
1212,12.9,15,126,0.01,0.083445,12.8759
1213,17.36,20,185,0.01,0.113615,13.0111
1214,14.72,17,146,0.01,0.103595,12.965
1215,11.19,13,95,0.01,0.133031,12.8965
1216,13.74,16,143,0.01,0.108774,12.864
1217,11.15,13,99,0.01,0.137321,12.9022
1218,5.36,7,72,0.01,0.116459,12.7803
1219,15.65,18,154,0.01,0.107444,12.8099
1220,15.69,18,150,0.01,0.092448,12.7824
1221,9.32,11,80,0.01,0.10734,12.7454
1222,14.29,17,189,0.01,0.101431,12.796
1223,15.73,18,146,0.01,0.114776,12.8329
1224,6.43,8,66,0.01,0.108204,12.6898
1225,0.82,2,21,0.01,0.094362,12.6322
1226,17.78,20,143,0.01,0.11571,12.6535
1227,13.14,15,102,0.01,0.117002,12.6156
1228,14.3,16,87,0.01,0.104098,12.544
1229,19.82,23,242,0.01,0.102342,12.6692
1230,14.53,17,165,0.01,0.111314,12.7417
1231,0.72,2,31,0.01,0.125217,12.6533
1232,11.65,14,150,0.01,0.120971,12.5882
1233,8.6,10,51,0.01,0.111067,12.524
1234,20.33,23,191,0.01,0.111978,12.4989
1235,15.78,18,141,0.01,0.107102,12.3718
1236,20.34,23,190,0.01,0.089419,12.4823
1237,13.85,16,132,0.01,0.104679,12.4308
1238,21.22,24,203,0.01,0.109195,12.5223
1239,10.11,12,102,0.01,0.117248,12.5494
1240,2.67,4,38,0.01,0.138799,12.4474
1241,15.67,18,152,0.01,0.119941,12.3909
1242,12.82,15,134,0.01,0.121467,12.3146
1243,15.59,18,160,0.01,0.116983,12.35
1244,12.77,15,139,0.01,0.106428,12.2945
1245,13.03,15,113,0.01,0.101793,12.3514
1246,15.13,17,105,0.01,0.109661,12.3451
1247,5.64,7,44,0.01,0.105157,12.3469
1248,15.74,18,145,0.01,0.114317,12.3739
1249,12.16,14,99,0.01,0.112847,12.3574
1250,4.64,6,43,0.01,0.124398,12.3398
1251,16.33,19,187,0.01,0.120732,12.4015
1252,11.01,13,113,0.01,0.102537,12.4197
1253,12.92,15,124,0.01,0.124287,12.4456
1254,15.65,18,154,0.01,0.111976,12.53
1255,14.65,17,153,0.01,0.126345,12.6116
1256,8.36,10,75,0.01,0.108551,12.6037
1257,22.53,25,173,0.01,0.101348,12.7387
1258,24.16,27,212,0.01,0.104505,12.8601
1259,21.75,25,251,0.01,0.108597,12.9685
1260,15.43,18,176,0.01,0.090082,12.9335
1261,5.52,7,56,0.01,0.111188,12.9051
1262,27.42,31,290,0.01,0.114411,13.0042
1263,10.99,13,115,0.01,0.108613,13.0236
1264,9.35,11,77,0.01,0.126664,12.9505
1265,23.04,26,223,0.01,0.11869,13.0067
1266,5.64,7,44,0.01,0.127132,12.8236
1267,1.9,3,14,0.01,0.085597,12.7124
1268,19.3,22,193,0.01,0.106133,12.7663
1269,4.49,6,58,0.01,0.086564,12.6828
1270,7.16,9,94,0.01,0.089675,12.5145
1271,12.97,15,119,0.01,0.106969,12.4881
1272,8.25,10,86,0.01,0.108525,12.4055
1273,9.23,11,89,0.01,0.105452,12.3489
1274,3.83,5,23,0.01,0.095288,12.3324
1275,9.26,11,86,0.01,0.097502,12.3681
1276,10.34,12,79,0.01,0.097644,12.3355
1277,15.14,17,104,0.01,0.098668,12.4335
1278,12.39,15,177,0.01,0.114971,12.4111
1279,8.5,10,61,0.01,0.117757,12.2009
1280,11.67,14,148,0.01,0.093795,12.225
1281,10.26,12,87,0.01,0.109657,12.186
1282,19.48,22,175,0.01,0.106375,12.2689
1283,11.96,14,119,0.01,0.124246,12.2953
1284,10.78,13,136,0.01,0.10408,12.2556
1285,24.45,28,284,0.01,0.110139,12.3975
1286,12.08,14,107,0.01,0.11473,12.4443
1287,15.87,18,132,0.01,0.117701,12.4653
1288,17.37,20,184,0.01,0.103849,12.5362
1289,15.0,17,118,0.01,0.102577,12.6405
1290,18.48,21,174,0.01,0.102554,12.7317
1291,14.65,17,153,0.01,0.10783,12.7859
1292,11.89,14,126,0.01,0.10876,12.7731
1293,11.19,13,95,0.01,0.103088,12.7242
1294,9.34,11,78,0.01,0.11615,12.705
1295,14.68,17,150,0.01,0.113548,12.8345
1296,15.9,18,129,0.01,0.109595,12.9662
1297,20.7,23,154,0.01,0.104137,13.0564
1298,12.4,14,75,0.01,0.116387,13.0603
1299,16.67,19,153,0.01,0.106828,13.1463
1300,12.91,15,125,0.01,0.096487,13.1366
1301,11.95,14,120,0.01,0.099698,13.2189
1302,23.69,27,259,0.01,0.095703,13.401
1303,19.39,22,184,0.01,0.100334,13.5202
1304,11.11,13,103,0.01,0.106237,13.4562
1305,2.64,4,41,0.01,0.121741,13.3081
1306,13.98,16,119,0.01,0.099198,13.2356
1307,9.4,11,72,0.01,0.103724,13.1099
1308,11.0,13,114,0.01,0.128718,13.0997
1309,18.35,21,187,0.01,0.106351,13.1715
1310,13.74,16,143,0.01,0.091609,13.1507
1311,14.07,16,110,0.01,0.103106,13.1694
1312,1.83,3,21,0.01,0.091241,13.0587
1313,11.15,13,99,0.01,0.082262,12.9966
1314,15.85,18,134,0.01,0.110653,13.0079
1315,7.38,9,72,0.01,0.113946,12.9698
1316,22.54,26,273,0.01,0.105572,13.0578
1317,23.23,26,204,0.01,0.101032,13.1786
1318,20.3,23,194,0.01,0.102035,13.328
1319,20.41,24,284,0.01,0.106066,13.3756
1320,16.47,19,173,0.01,0.115702,13.3834
1321,11.23,13,91,0.01,0.113776,13.4025
1322,14.67,17,151,0.01,0.111576,13.4063
1323,17.35,20,186,0.01,0.093466,13.4225
1324,-0.11,1,13,0.01,0.103822,13.3571
1325,11.91,14,124,0.01,0.100934,13.468
1326,15.84,18,135,0.01,0.104234,13.4486
1327,21.18,24,207,0.01,0.104067,13.529
1328,13.09,15,107,0.01,0.111441,13.5169
1329,17.76,20,145,0.01,0.096824,13.4963
1330,14.75,17,143,0.01,0.094274,13.4985
1331,13.89,16,128,0.01,0.116068,13.6302
1332,14.84,17,134,0.01,0.130014,13.6621
1333,9.4,11,72,0.01,0.11831,13.6701
1334,12.16,14,99,0.01,0.122273,13.5884
1335,12.19,14,96,0.01,0.106037,13.5525
1336,17.31,20,190,0.01,0.111479,13.5222
1337,9.34,11,78,0.01,0.120057,13.4771
1338,11.84,14,131,0.01,0.097208,13.3833
1339,20.17,23,207,0.01,0.108003,13.4839
1340,11.99,14,116,0.01,0.118113,13.5771
1341,11.19,13,95,0.01,0.086971,13.5323
1342,8.46,10,65,0.01,0.103457,13.4887
1343,13.89,16,128,0.01,0.11765,13.4717
1344,7.54,9,56,0.01,0.09973,13.4194
1345,13.82,16,135,0.01,0.115013,13.4273
1346,19.29,22,194,0.01,0.100945,13.4689
1347,14.34,17,184,0.01,0.101647,13.5559
1348,9.41,11,71,0.01,0.118797,13.4926
1349,12.06,14,109,0.01,0.087759,13.4916
1350,12.62,15,154,0.01,0.103653,13.5714
1351,15.72,18,147,0.01,0.110182,13.5653
1352,7.56,9,54,0.01,0.1048,13.5308
1353,27.48,31,284,0.01,0.115279,13.6764
1354,12.85,15,131,0.01,0.115459,13.6484
1355,9.29,11,83,0.01,0.101662,13.5948
1356,9.26,11,86,0.01,0.117049,13.6038
1357,11.15,13,99,0.01,0.103428,13.49
1358,7.34,9,76,0.01,0.077896,13.3218
1359,-0.05,1,7,0.01,0.159741,13.1038
1360,13.9,16,127,0.01,0.119861,13.0885
1361,12.99,15,117,0.01,0.105846,13.1632
1362,20.27,23,197,0.01,0.102631,13.0917
1363,9.36,11,76,0.01,0.120143,13.0754
1364,7.34,9,76,0.01,0.084744,13.0553
1365,18.21,21,201,0.01,0.112147,13.007
1366,20.29,23,195,0.01,0.114734,13.1535
1367,20.48,23,176,0.01,0.092869,13.3393
1368,20.77,24,248,0.01,0.106155,13.354
1369,8.48,10,63,0.01,0.099864,13.3939
1370,9.04,11,108,0.01,0.093673,13.4127
1371,13.89,16,128,0.01,0.086556,13.4219
1372,16.82,19,138,0.01,0.096123,13.5076
1373,24.53,28,276,0.01,0.098796,13.6606
1374,17.64,20,157,0.01,0.091715,13.7987
1375,7.38,9,72,0.01,0.099319,13.7799
1376,14.83,17,135,0.01,0.111513,13.8248
1377,14.93,17,125,0.01,0.113905,13.8227
1378,9.15,11,97,0.01,0.11153,13.7903
1379,9.36,11,76,0.01,0.125883,13.7989
1380,22.15,25,211,0.01,0.111545,13.9037
1381,12.18,14,97,0.01,0.107779,13.9229
1382,14.74,17,144,0.01,0.104371,13.8755
1383,15.54,18,165,0.01,0.098237,13.9113
1384,15.55,18,164,0.01,0.124299,13.959
1385,13.01,15,115,0.01,0.109094,13.8446
1386,8.37,10,74,0.01,0.12273,13.8075
1387,11.15,13,99,0.01,0.103623,13.7603
1388,22.59,25,167,0.01,0.096461,13.8125
1389,5.55,7,53,0.01,0.093534,13.718
1390,9.35,11,77,0.01,0.117957,13.6267
1391,19.85,23,239,0.01,0.123423,13.6787
1392,14.95,17,123,0.01,0.105718,13.7093
1393,18.14,21,208,0.01,0.105686,13.7788
1394,12.02,14,113,0.01,0.104865,13.8056
1395,4.68,6,39,0.01,0.084684,13.7056
1396,14.73,17,145,0.01,0.088612,13.6939
1397,16.49,19,171,0.01,0.115161,13.6518
1398,15.58,18,161,0.01,0.106329,13.6836
1399,15.75,18,144,0.01,0.107695,13.6744
1400,11.85,14,130,0.01,0.088586,13.6638
1401,15.44,18,175,0.01,0.111476,13.6987
1402,9.39,11,73,0.01,0.074673,13.5557
1403,20.93,24,232,0.01,0.109412,13.5711
1404,13.56,16,161,0.01,0.109204,13.5956
1405,14.54,17,164,0.01,0.108702,13.7146
1406,5.58,7,50,0.01,0.10776,13.6306
1407,15.81,18,138,0.01,0.115619,13.6947
1408,14.63,17,155,0.01,0.098751,13.731
1409,7.25,9,85,0.01,0.097272,13.62
1410,14.91,17,127,0.01,0.119062,13.6317
1411,13.93,16,124,0.01,0.102898,13.6303
1412,14.64,17,154,0.01,0.139977,13.7584
1413,9.19,11,93,0.01,0.096239,13.7388
1414,0.84,2,19,0.01,0.13732,13.5887
1415,17.52,20,169,0.01,0.102026,13.6901
1416,9.21,11,91,0.01,0.107251,13.5568
1417,24.16,27,212,0.01,0.1125,13.5661
1418,9.17,11,95,0.01,0.093842,13.4548
1419,20.12,23,212,0.01,0.11771,13.4519
1420,14.95,17,123,0.01,0.120081,13.4367
1421,21.02,24,223,0.01,0.10141,13.5346
1422,23.05,26,222,0.01,0.104,13.6184
1423,13.87,16,130,0.01,0.109035,13.5836
1424,2.8,4,25,0.01,0.101491,13.6127
1425,6.46,8,63,0.01,0.113606,13.5582
1426,9.43,11,69,0.01,0.107299,13.4941
1427,18.33,21,189,0.01,0.108838,13.4656
1428,9.02,11,110,0.01,0.131533,13.4249
1429,19.76,22,147,0.01,0.11297,13.4449
1430,11.39,13,75,0.01,0.13165,13.4113
1431,12.96,15,120,0.01,0.122535,13.402
1432,8.4,10,71,0.01,0.113134,13.3376
1433,13.18,15,98,0.01,0.095851,13.3754
1434,12.29,14,86,0.01,0.112987,13.3767
1435,8.05,10,106,0.01,0.106443,13.3353
1436,0.87,2,16,0.01,0.10339,13.1709
1437,5.42,7,66,0.01,0.093688,13.1317
1438,10.23,12,90,0.01,0.125977,13.1156
1439,11.17,13,97,0.01,0.111549,13.0256
1440,4.6,6,47,0.01,0.115423,12.9517
1441,9.46,11,66,0.01,0.122019,12.9344
1442,12.12,14,103,0.01,0.121535,12.971
1443,9.27,11,85,0.01,0.131161,12.9248
1444,17.69,20,152,0.01,0.117247,13.0263
1445,8.46,10,65,0.01,0.134544,12.9727
1446,1.9,3,14,0.01,0.117971,12.7988
1447,19.0,22,223,0.01,0.116113,12.8454
1448,15.55,18,164,0.01,0.117801,12.9068
1449,10.16,12,97,0.01,0.096456,12.8878
1450,8.4,10,71,0.01,0.109858,12.8456
1451,3.53,5,53,0.01,0.114946,12.7237
1452,16.63,19,157,0.01,0.111391,12.8144
1453,16.32,19,188,0.01,0.112948,12.7028
1454,25.89,29,241,0.01,0.108563,12.8332
1455,20.49,23,175,0.01,0.106109,12.9452
1456,8.27,10,84,0.01,0.112357,12.9353
1457,1.81,3,23,0.01,0.141308,12.8419
1458,13.92,16,125,0.01,0.103258,12.9077
1459,18.33,21,189,0.01,0.100513,13.0915
1460,4.72,6,35,0.01,0.148537,12.9997
1461,17.44,20,177,0.01,0.119692,13.0442
1462,10.34,12,79,0.01,0.096849,12.9449
1463,19.92,23,232,0.01,0.105461,13.0505
1464,21.01,24,224,0.01,0.115406,13.1872
1465,18.35,21,187,0.01,0.103869,13.1886
1466,20.34,23,190,0.01,0.108037,13.1891
1467,21.17,24,208,0.01,0.100866,13.196
1468,15.5,18,169,0.01,0.109655,13.1433
1469,15.98,18,121,0.01,0.107468,13.2183
1470,8.28,10,83,0.01,0.134665,13.2107
1471,8.59,10,52,0.01,0.122068,13.1577
1472,13.94,16,123,0.01,0.112942,13.1289
1473,16.59,19,161,0.01,0.113879,13.0495
1474,12.79,15,137,0.01,0.112879,13.001
1475,5.58,7,50,0.01,0.100321,12.983
1476,11.22,13,92,0.01,0.11636,12.9469
1477,11.8,14,135,0.01,0.117917,12.9156
1478,7.68,9,42,0.01,0.086126,12.9009
1479,13.09,15,107,0.01,0.106089,12.9382
1480,22.16,25,210,0.01,0.118489,12.9383
1481,10.39,12,74,0.01,0.120451,12.9204
1482,5.57,7,51,0.01,0.126453,12.8287
1483,5.47,7,61,0.01,0.143436,12.728
1484,3.68,5,38,0.01,0.110184,12.6093
1485,7.5,9,60,0.01,0.097316,12.5542
1486,12.15,14,100,0.01,0.118626,12.592
1487,6.6,8,49,0.01,0.107416,12.5465
1488,12.04,14,111,0.01,0.126362,12.441
1489,15.81,18,138,0.01,0.111259,12.5436
1490,10.11,12,102,0.01,0.144185,12.5512
1491,13.09,15,107,0.01,0.134572,12.4836
1492,20.34,23,190,0.01,0.106508,12.5375
1493,2.56,4,49,0.01,0.100432,12.3817
1494,1.83,3,21,0.01,0.102552,12.2798
1495,9.96,12,117,0.01,0.12382,12.3326
1496,16.47,19,173,0.01,0.115117,12.35
1497,22.47,25,179,0.01,0.113617,12.4098
1498,5.55,7,53,0.01,0.134782,12.3095
1499,2.61,4,44,0.01,0.157214,12.1781
1500,4.56,6,51,0.01,0.115813,12.1052
1501,15.81,18,138,0.01,0.107753,12.1089
1502,8.27,10,84,0.01,0.125528,12.0977
1503,10.07,12,106,0.01,0.103256,11.9891
1504,7.28,9,82,0.01,0.114128,11.9263
1505,8.48,10,63,0.01,0.121054,11.8657
1506,20.1,23,214,0.01,0.114065,12.0109
1507,13.79,16,138,0.01,0.10378,11.9907
1508,18.12,21,210,0.01,0.113678,12.0256
1509,20.61,23,163,0.01,0.10379,12.1592
1510,1.81,3,23,0.01,0.120564,12.0282
1511,10.07,12,106,0.01,0.102768,11.9896
1512,16.51,19,169,0.01,0.10852,12.0083
1513,17.7,20,151,0.01,0.108552,12.0934
1514,5.66,7,42,0.01,0.106146,12.1416
1515,11.03,13,111,0.01,0.094588,12.0767
1516,6.4,8,69,0.01,0.095228,12.0486
1517,13.22,15,94,0.01,0.124662,11.9392
1518,14.59,17,159,0.01,0.105462,11.9934
1519,14.11,16,106,0.01,0.120442,11.9333
1520,23.17,26,210,0.01,0.103809,12.0155
1521,11.0,13,114,0.01,0.114293,11.9153
1522,14.66,17,152,0.01,0.113738,11.8314
1523,29.54,33,280,0.01,0.114112,11.9881
1524,17.54,20,167,0.01,0.11198,12.1355
1525,8.39,10,72,0.01,0.127242,12.1548
1526,23.55,27,273,0.01,0.108909,12.296
1527,8.11,10,100,0.01,0.104166,12.1938
1528,7.34,9,76,0.01,0.113168,12.177
1529,8.28,10,83,0.01,0.115761,12.0622
1530,22.83,26,244,0.01,0.102288,12.1766
1531,4.71,6,36,0.01,0.081774,12.0941
1532,13.95,16,122,0.01,0.110103,12.1496
1533,1.85,3,19,0.01,0.099884,12.0363
1534,18.04,20,117,0.01,0.111937,12.0938
1535,15.83,18,136,0.01,0.109199,12.1716
1536,11.22,13,92,0.01,0.126688,12.2751
1537,3.59,5,47,0.01,0.10343,12.2568
1538,18.61,21,161,0.01,0.114864,12.3406
1539,22.32,25,194,0.01,0.107374,12.4521
1540,6.32,8,77,0.01,0.108757,12.4693
1541,6.4,8,69,0.01,0.133677,12.4387
1542,-1.06,0,7,0.01,0.108541,12.3069
1543,15.89,19,231,0.01,0.126912,12.3731
1544,6.59,8,50,0.01,0.118692,12.2621
1545,1.85,3,19,0.01,0.178662,12.196
1546,16.02,18,117,0.01,0.114369,12.3372
1547,16.57,19,163,0.01,0.103358,12.3129
1548,8.21,10,90,0.01,0.135411,12.2395
1549,31.01,34,234,0.01,0.113389,12.448
1550,29.77,33,257,0.01,0.100741,12.6617
1551,7.51,9,59,0.01,0.12617,12.7015
1552,11.09,13,105,0.01,0.117165,12.6461
1553,13.58,16,159,0.01,0.119714,12.6187
1554,9.34,11,78,0.01,0.131599,12.4532
1555,12.17,14,98,0.01,0.103204,12.37
1556,14.83,17,135,0.01,0.110113,12.4356
1557,13.92,16,125,0.01,0.113145,12.5567
1558,10.97,13,117,0.01,0.115544,12.5272
1559,9.26,11,86,0.01,0.118528,12.4365
1560,6.38,8,71,0.01,0.119468,12.4531
1561,12.87,15,129,0.01,0.09686,12.4074
1562,7.5,9,60,0.01,0.116094,12.379
1563,3.64,5,42,0.01,0.097707,12.2162
1564,18.45,21,177,0.01,0.11104,12.1906
1565,13.66,16,151,0.01,0.113953,12.1437
1566,12.2,14,95,0.01,0.135338,12.0623
1567,23.62,27,266,0.01,0.115425,12.0868
1568,5.59,7,49,0.01,0.136818,11.9877
1569,20.08,23,216,0.01,0.106032,12.0287
1570,13.03,15,113,0.01,0.114526,12.0762
1571,4.43,6,64,0.01,0.128544,12.0346
1572,14.1,16,107,0.01,0.10248,12.0362
1573,10.97,13,117,0.01,0.124709,11.98
1574,19.2,22,203,0.01,0.109007,12.0441
1575,19.49,22,174,0.01,0.104353,12.1832
1576,6.51,8,58,0.01,0.134128,12.1361
1577,3.75,5,31,0.01,0.154336,12.0556
1578,18.17,21,205,0.01,0.109085,12.1605
1579,7.58,9,52,0.01,0.125585,12.1054
1580,13.1,15,106,0.01,0.118854,12.0148
1581,7.4,9,70,0.01,0.125889,11.9849
1582,12.11,14,104,0.01,0.11804,12.0503
1583,7.36,9,74,0.01,0.117848,12.0692
1584,9.36,11,76,0.01,0.108567,12.126
1585,14.84,17,134,0.01,0.128034,12.1994
1586,12.83,15,133,0.01,0.091266,12.2062
1587,4.51,6,56,0.01,0.129605,12.1853
1588,14.8,17,138,0.01,0.107502,12.2129
1589,13.7,16,147,0.01,0.118391,12.1918
1590,11.84,14,131,0.01,0.131073,12.2091
1591,22.11,25,215,0.01,0.120894,12.2993
1592,17.26,20,195,0.01,0.117844,12.2685
1593,15.03,17,115,0.01,0.101019,12.3932
1594,27.72,31,260,0.01,0.108062,12.6521
1595,14.75,17,143,0.01,0.133505,12.7
1596,7.72,9,38,0.01,0.104101,12.6125
1597,18.46,21,176,0.01,0.11117,12.5724
1598,10.26,12,87,0.01,0.096537,12.6195
1599,12.8,15,136,0.01,0.127469,12.7214
1600,13.03,15,113,0.01,0.104932,12.8061
1601,8.58,10,53,0.01,0.095059,12.7338
1602,11.87,14,128,0.01,0.122888,12.7698
1603,14.63,17,155,0.01,0.104351,12.8154
1604,14.79,17,139,0.01,0.109234,12.8905
1605,12.64,15,152,0.01,0.120475,12.9321
1606,14.44,17,174,0.01,0.117966,12.8755
1607,13.08,15,108,0.01,0.121876,12.8684
1608,1.71,3,33,0.01,0.123307,12.7043
1609,20.38,23,186,0.01,0.115495,12.702
1610,7.56,9,54,0.01,0.092612,12.7595
1611,14.68,17,150,0.01,0.087564,12.8056
1612,9.24,11,88,0.01,0.117187,12.7329
1613,25.7,28,159,0.01,0.115453,12.8129
1614,27.15,30,216,0.01,0.117117,13.0278
1615,24.71,28,258,0.01,0.121361,13.1646
1616,19.37,22,186,0.01,0.127697,13.2943
1617,5.52,7,56,0.01,0.103068,13.2173
1618,22.94,26,233,0.01,0.110153,13.3008
1619,18.5,21,172,0.01,0.11704,13.3447
1620,8.34,10,77,0.01,0.117698,13.1964
1621,22.78,26,249,0.01,0.12799,13.3142
1622,15.71,18,148,0.01,0.112524,13.3247
1623,12.04,14,111,0.01,0.121653,13.1497
1624,17.69,20,152,0.01,0.103996,13.1512
1625,8.96,11,116,0.01,0.123496,13.1569
1626,21.37,24,188,0.01,0.119814,13.1351
1627,19.17,22,206,0.01,0.108633,13.2457
1628,24.65,28,264,0.01,0.113771,13.4188
1629,6.6,8,49,0.01,0.113489,13.402
1630,14.72,17,146,0.01,0.112421,13.3209
1631,0.93,2,10,0.01,0.112926,13.2831
1632,12.13,14,102,0.01,0.119597,13.2649
1633,17.43,20,178,0.01,0.109916,13.4207
1634,8.36,10,75,0.01,0.105727,13.3239
1635,9.24,11,88,0.01,0.102346,13.258
1636,15.52,18,167,0.01,0.117134,13.301
1637,8.23,10,88,0.01,0.140514,13.3474
1638,14.64,17,154,0.01,0.105715,13.3077
1639,16.85,19,135,0.01,0.115974,13.253
1640,8.23,10,88,0.01,0.119405,13.2721
1641,10.32,12,81,0.01,0.121985,13.3113
1642,6.47,8,62,0.01,0.085982,13.3866
1643,24.79,28,250,0.01,0.119069,13.4756
1644,15.85,18,134,0.01,0.108351,13.5682
1645,4.71,6,36,0.01,0.13017,13.5968
1646,12.13,14,102,0.01,0.115054,13.5579
1647,12.72,15,144,0.01,0.130584,13.5194
1648,21.68,24,157,0.01,0.130157,13.6541
1649,7.56,9,54,0.01,0.119088,13.4196
1650,12.04,14,111,0.01,0.123813,13.2423
1651,26.2,30,311,0.01,0.1132,13.4292
1652,19.37,22,186,0.01,0.111965,13.512
1653,9.09,11,103,0.01,0.122163,13.4671
1654,2.61,4,44,0.01,0.109383,13.3998
1655,9.11,11,101,0.01,0.118727,13.3692
1656,12.97,15,119,0.01,0.121509,13.3506
1657,14.89,17,129,0.01,0.123775,13.3603
1658,19.38,22,185,0.01,0.128808,13.4444
1659,21.1,24,215,0.01,0.124021,13.5628
1660,8.2,10,91,0.01,0.134951,13.581
1661,14.71,17,147,0.01,0.126794,13.5994
1662,19.9,23,234,0.01,0.121075,13.7234
1663,28.67,32,266,0.01,0.114608,13.9737
1664,28.79,32,254,0.01,0.121767,14.0771
1665,14.31,16,86,0.01,0.131485,14.0836
1666,25.01,28,228,0.01,0.108906,14.2117
1667,16.57,19,163,0.01,0.107919,14.1412
1668,9.11,11,101,0.01,0.127708,14.1764
1669,8.38,10,73,0.01,0.141427,14.0594
1670,12.85,15,131,0.01,0.114333,14.0576
1671,19.78,22,145,0.01,0.116675,14.2111
1672,14.96,17,122,0.01,0.128657,14.2197
1673,17.63,20,158,0.01,0.091047,14.2863
1674,6.55,8,54,0.01,0.12974,14.1598
1675,3.78,5,28,0.01,0.121188,14.0027
1676,5.61,7,47,0.01,0.109702,13.9937
1677,20.91,23,133,0.01,0.127139,14.1653
1678,24.31,27,197,0.01,0.110509,14.2267
1679,14.64,17,154,0.01,0.108625,14.2973
1680,9.21,11,91,0.01,0.097194,14.2584
1681,12.58,15,158,0.01,0.129357,14.3102
1682,10.27,12,86,0.01,0.098266,14.2918
1683,8.4,10,71,0.01,0.103139,14.3022
1684,14.81,17,137,0.01,0.115356,14.3567
1685,16.96,19,124,0.01,0.103968,14.3779
1686,0.88,2,15,0.01,0.120338,14.2584
1687,10.08,12,105,0.01,0.119247,14.3141
1688,11.03,13,111,0.01,0.115534,14.2764
1689,11.11,13,103,0.01,0.108473,14.2505
1690,11.07,13,107,0.01,0.108748,14.2428
1691,16.83,19,137,0.01,0.120411,14.19
1692,2.79,4,26,0.01,0.063701,14.0453
1693,13.01,15,115,0.01,0.124701,14.0251
1694,8.46,10,65,0.01,0.113063,13.8325
1695,12.94,15,122,0.01,0.119962,13.8144
1696,5.49,7,59,0.01,0.112381,13.7921
1697,9.14,11,98,0.01,0.107484,13.6989
1698,11.02,13,112,0.01,0.131415,13.7065
1699,9.33,11,79,0.01,0.099291,13.6718
1700,14.77,17,141,0.01,0.099162,13.6892
1701,18.06,21,216,0.01,0.1154,13.784
1702,16.52,19,168,0.01,0.121322,13.8305
1703,13.64,16,153,0.01,0.12256,13.8206
1704,19.58,22,165,0.01,0.115238,13.8685
1705,26.06,29,224,0.01,0.120385,14.0027
1706,9.96,12,117,0.01,0.111881,13.9579
1707,10.3,12,83,0.01,0.093903,13.9301
1708,13.88,16,129,0.01,0.101139,14.0518
1709,14.05,16,112,0.01,0.124339,13.9885
1710,7.46,9,64,0.01,0.115302,13.9875
1711,15.55,18,164,0.01,0.108941,13.9962
1712,8.37,10,74,0.01,0.096125,13.9875
1713,10.02,12,111,0.01,0.1182,13.8307
1714,14.69,17,149,0.01,0.1104,13.7061
1715,17.53,20,168,0.01,0.101339,13.6343
1716,14.76,17,142,0.01,0.130986,13.5882
1717,16.46,19,174,0.01,0.109077,13.6976
1718,3.8,5,26,0.01,0.10389,13.5062
1719,14.95,17,123,0.01,0.129151,13.4707
1720,11.17,13,97,0.01,0.100114,13.499
1721,11.19,13,95,0.01,0.12386,13.3831
1722,10.48,12,65,0.01,0.128319,13.3308
1723,17.7,20,151,0.01,0.10231,13.3874
1724,3.7,5,36,0.01,0.129413,13.2475
1725,10.27,12,86,0.01,0.113331,13.2606
1726,12.23,14,92,0.01,0.135131,13.1692
1727,25.25,28,204,0.01,0.124808,13.23
1728,1.74,3,30,0.01,0.098218,13.0009
1729,14.99,17,119,0.01,0.124482,13.0848
1730,11.86,14,129,0.01,0.12084,13.0562
1731,26.17,30,314,0.01,0.104938,13.3086
1732,10.17,12,96,0.01,0.145531,13.289
1733,10.32,12,81,0.01,0.102582,13.2179
1734,10.09,12,104,0.01,0.123649,13.2352
1735,24.35,27,193,0.01,0.130187,13.3863
1736,15.63,18,156,0.01,0.112427,13.3874
1737,16.72,19,148,0.01,0.121395,13.4723
1738,15.06,17,112,0.01,0.127393,13.4765
1739,17.73,20,148,0.01,0.122967,13.4853
1740,22.05,25,221,0.01,0.108522,13.6235
1741,17.6,20,161,0.01,0.114572,13.6963
1742,12.07,14,108,0.01,0.126536,13.7523
1743,3.7,5,36,0.01,0.186962,13.5414
1744,13.0,15,116,0.01,0.129949,13.5129
1745,7.45,9,65,0.01,0.101732,13.5403
1746,23.2,26,207,0.01,0.128583,13.651
1747,2.69,4,36,0.01,0.120561,13.5507
1748,8.44,10,67,0.01,0.11058,13.4183
1749,9.28,11,84,0.01,0.124956,13.4355
1750,12.77,15,139,0.01,0.124223,13.4428
1751,20.33,23,191,0.01,0.116531,13.3841
1752,11.83,14,132,0.01,0.114475,13.3087
1753,14.86,17,132,0.01,0.118898,13.3664
1754,17.28,20,193,0.01,0.134668,13.5131
1755,13.18,15,98,0.01,0.126666,13.5538
1756,13.91,16,126,0.01,0.115512,13.5632
1757,4.56,6,51,0.01,0.116969,13.4599
1758,5.53,7,55,0.01,0.130434,13.3214
1759,14.78,17,140,0.01,0.141267,13.2582
1760,12.88,15,128,0.01,0.12441,13.305
1761,19.47,22,176,0.01,0.111626,13.3526
1762,12.26,14,89,0.01,0.137467,13.2762
1763,11.1,13,104,0.01,0.12087,13.1005
1764,4.77,6,30,0.01,0.092649,12.8603
1765,31.3,35,306,0.01,0.124946,13.0302
1766,11.16,13,98,0.01,0.126852,12.8917
1767,27.55,31,277,0.01,0.107924,13.0015
1768,2.78,4,27,0.01,0.139029,12.9382
1769,26.51,30,280,0.01,0.120594,13.1195
1770,9.51,11,61,0.01,0.107061,13.0861
1771,9.57,11,55,0.01,0.136822,12.984
1772,12.09,14,106,0.01,0.120831,12.9553
1773,5.65,7,43,0.01,0.098313,12.8355
1774,17.38,20,183,0.01,0.117406,12.9438
1775,11.2,13,94,0.01,0.097575,13.018
1776,8.25,10,86,0.01,0.115508,13.0444
1777,40.16,44,329,0.01,0.134463,13.2369
1778,12.44,14,71,0.01,0.104212,13.1182
1779,24.83,28,246,0.01,0.110073,13.2201
1780,1.79,3,25,0.01,0.105796,13.1459
1781,7.46,9,64,0.01,0.132847,13.0947
1782,24.6,28,269,0.01,0.104427,13.238
1783,22.09,25,217,0.01,0.114925,13.3749
1784,7.37,9,73,0.01,0.128682,13.3005
1785,2.9,4,15,0.01,0.073298,13.1599
1786,15.56,18,163,0.01,0.113924,13.3067
1787,13.32,15,84,0.01,0.109273,13.3391
1788,17.61,20,160,0.01,0.107314,13.4049
1789,10.05,12,108,0.01,0.116468,13.3943
1790,14.03,16,114,0.01,0.114253,13.4239
1791,16.04,18,115,0.01,0.116178,13.416
1792,12.18,14,97,0.01,0.116543,13.5099
1793,6.59,8,50,0.01,0.096214,13.4457
1794,6.42,8,67,0.01,0.118694,13.4253
1795,5.61,7,47,0.01,0.098898,13.352
1796,14.77,17,141,0.01,0.10977,13.4448
1797,22.19,25,207,0.01,0.115801,13.5753
1798,6.46,8,63,0.01,0.088453,13.5297
1799,18.25,21,197,0.01,0.127579,13.6189
1800,11.31,13,83,0.01,0.118862,13.5843
1801,16.07,18,112,0.01,0.111589,13.5644
1802,15.63,18,156,0.01,0.117544,13.5555
1803,22.14,25,212,0.01,0.126507,13.6405
1804,4.55,6,52,0.01,0.107327,13.4902
1805,14.84,17,134,0.01,0.132351,13.378
1806,11.65,14,150,0.01,0.117988,13.3949
1807,13.91,16,126,0.01,0.124121,13.431
1808,18.75,21,147,0.01,0.138527,13.4797
1809,16.3,19,190,0.01,0.122356,13.5022
1810,20.75,23,149,0.01,0.120129,13.6351
1811,19.49,22,174,0.01,0.095757,13.6745
1812,15.16,18,203,0.01,0.109748,13.7424
1813,15.72,18,147,0.01,0.112107,13.7994
1814,11.16,13,98,0.01,0.112795,13.7641
1815,17.52,20,169,0.01,0.115025,13.764
1816,11.9,14,125,0.01,0.133071,13.7354
1817,3.56,5,50,0.01,0.140021,13.6064
1818,5.3,7,78,0.01,0.11198,13.6214
1819,9.0,11,112,0.01,0.107364,13.5619
1820,13.93,16,124,0.01,0.125316,13.5895
1821,10.3,12,83,0.01,0.129083,13.5806
1822,13.75,16,142,0.01,0.112375,13.6133
1823,11.16,13,98,0.01,0.12813,13.5479
1824,21.09,24,216,0.01,0.118003,13.7218
1825,7.39,9,71,0.01,0.127169,13.693
1826,0.89,2,14,0.01,0.135691,13.5796
1827,19.12,22,211,0.01,0.131304,13.5183
1828,10.36,12,77,0.01,0.116286,13.6045
1829,27.62,31,270,0.01,0.10987,13.7308
1830,16.16,19,204,0.01,0.124555,13.7738
1831,8.31,10,80,0.01,0.112446,13.5952
1832,13.47,16,170,0.01,0.129305,13.6282
1833,19.15,22,208,0.01,0.112706,13.7165
1834,12.29,14,86,0.01,0.111342,13.7385
1835,13.81,16,136,0.01,0.110161,13.6331
1836,16.07,18,112,0.01,0.119447,13.6375
1837,17.7,20,151,0.01,0.124368,13.6473
1838,21.52,24,173,0.01,0.141257,13.7119
1839,12.09,14,106,0.01,0.143501,13.6555
1840,26.66,30,265,0.01,0.128059,13.7016
1841,20.72,24,253,0.01,0.120317,13.7328
1842,7.48,9,62,0.01,0.125822,13.6869
1843,10.03,12,110,0.01,0.113104,13.7502
1844,15.7,18,149,0.01,0.112967,13.7772
1845,15.88,18,131,0.01,0.134764,13.8615
1846,1.9,3,14,0.01,0.169436,13.6485
1847,5.53,7,55,0.01,0.132186,13.6769
1848,10.29,12,84,0.01,0.113437,13.6954
1849,17.36,20,185,0.01,0.122285,13.7762
1850,3.67,5,39,0.01,0.108625,13.6852
1851,18.61,21,161,0.01,0.108915,13.668
1852,10.2,12,93,0.01,0.090181,13.6517
1853,15.47,18,172,0.01,0.134238,13.6578
1854,23.09,26,218,0.01,0.117655,13.7159
1855,7.46,9,64,0.01,0.122515,13.6587
1856,11.23,13,91,0.01,0.117575,13.6319
1857,1.76,3,28,0.01,0.086013,13.6039
1858,16.6,19,160,0.01,0.11353,13.7146
1859,7.53,9,57,0.01,0.116506,13.6421
1860,12.37,14,78,0.01,0.134239,13.637
1861,4.66,6,41,0.01,0.104703,13.4889
1862,21.88,25,238,0.01,0.126556,13.5851
1863,6.46,8,63,0.01,0.110573,13.5387
1864,14.82,17,136,0.01,0.124867,13.6392
1865,10.14,12,99,0.01,0.138244,13.4276
1866,12.8,15,136,0.01,0.117666,13.444
1867,24.5,28,279,0.01,0.112513,13.4135
1868,14.85,17,133,0.01,0.106669,13.5342
1869,10.28,12,85,0.01,0.116669,13.3719
1870,15.07,17,111,0.01,0.119604,13.4275
1871,9.18,11,94,0.01,0.134388,13.4236
1872,20.82,24,243,0.01,0.124425,13.5109
1873,16.42,19,178,0.01,0.13301,13.6186
1874,18.47,21,175,0.01,0.104049,13.6295
1875,8.36,10,75,0.01,0.135023,13.6011
1876,10.35,12,78,0.01,0.111915,13.6221
1877,16.69,19,151,0.01,0.115028,13.3874
1878,7.4,9,70,0.01,0.136408,13.337
1879,18.55,21,167,0.01,0.114009,13.2742
1880,9.27,11,85,0.01,0.106525,13.349
1881,17.37,20,184,0.01,0.128777,13.4481
1882,18.44,21,178,0.01,0.116293,13.3865
1883,12.14,14,101,0.01,0.123318,13.287
1884,28.46,32,287,0.01,0.11459,13.4979
1885,13.81,16,136,0.01,0.118848,13.607
1886,11.81,14,134,0.01,0.124389,13.5695
1887,17.47,20,174,0.01,0.114345,13.611
1888,14.77,17,141,0.01,0.120579,13.5826
1889,10.02,12,111,0.01,0.125865,13.5823
1890,9.28,11,84,0.01,0.120541,13.5348
1891,10.76,13,138,0.01,0.119485,13.482
1892,30.26,34,309,0.01,0.120848,13.6628
1893,28.02,31,230,0.01,0.121536,13.8771
1894,5.63,7,45,0.01,0.079523,13.8692
1895,13.03,15,113,0.01,0.139747,13.9434
1896,18.46,21,176,0.01,0.115057,13.9803
1897,14.99,17,119,0.01,0.111376,13.9083
1898,17.33,20,188,0.01,0.106593,14.017
1899,12.16,14,99,0.01,0.09615,13.9561
1900,15.65,18,154,0.01,0.108401,13.9995
1901,18.53,21,169,0.01,0.120717,14.0241
1902,0.81,2,22,0.01,0.164796,13.8759
1903,11.93,14,122,0.01,0.110982,13.7738
1904,1.84,3,20,0.01,0.088112,13.7467
1905,12.78,15,138,0.01,0.109104,13.7261
1906,13.2,15,96,0.01,0.110743,13.7416
1907,8.24,10,87,0.01,0.082347,13.6849
1908,8.4,10,71,0.01,0.097764,13.5814
1909,6.42,8,67,0.01,0.157382,13.4826
1910,14.24,16,93,0.01,0.094202,13.4175
1911,2.62,4,43,0.01,0.110452,13.2488
1912,8.27,10,84,0.01,0.117448,13.1799
1913,21.96,25,230,0.01,0.122936,13.2423
1914,15.75,18,144,0.01,0.12806,13.2882
1915,18.67,21,155,0.01,0.100736,13.2997
1916,-0.11,1,13,0.01,0.118692,13.1796
1917,14.93,17,125,0.01,0.115936,13.2933
1918,2.74,4,31,0.01,0.125169,13.2677
1919,9.98,12,115,0.01,0.126223,13.2775
1920,17.39,20,182,0.01,0.108743,13.3121
1921,8.52,10,59,0.01,0.138408,13.2943
1922,20.96,24,229,0.01,0.106962,13.3664
1923,12.9,15,126,0.01,0.107954,13.3838
1924,19.4,22,183,0.01,0.121071,13.3669
1925,22.46,25,180,0.01,0.124331,13.5176
1926,22.97,26,230,0.01,0.115973,13.7384
1927,15.61,18,158,0.01,0.087325,13.7033
1928,15.96,18,123,0.01,0.102213,13.7593
1929,16.77,19,143,0.01,0.114092,13.6508
1930,22.11,25,215,0.01,0.101523,13.7103
1931,22.84,26,243,0.01,0.115573,13.8556
1932,7.47,9,63,0.01,0.095503,13.7956
1933,3.55,5,51,0.01,0.079573,13.6396
1934,11.2,13,94,0.01,0.102627,13.6287
1935,7.48,9,62,0.01,0.116389,13.5654
1936,13.73,16,144,0.01,0.109981,13.542
1937,10.28,12,85,0.01,0.144207,13.4678
1938,16.4,19,180,0.01,0.11502,13.4166
1939,9.33,11,79,0.01,0.136707,13.389
1940,15.01,17,117,0.01,0.125875,13.2725
1941,18.25,21,197,0.01,0.109026,13.2478
1942,22.73,26,254,0.01,0.127799,13.4003
1943,19.37,22,186,0.01,0.120937,13.4937
1944,9.08,11,104,0.01,0.117521,13.4275
1945,-0.12,1,14,0.01,0.055666,13.2675
1946,14.03,16,114,0.01,0.124923,13.3888
1947,18.5,21,172,0.01,0.115023,13.5185
1948,19.31,22,192,0.01,0.124917,13.6087
1949,25.29,29,301,0.01,0.113011,13.688
1950,11.25,13,89,0.01,0.152113,13.7638
1951,10.9,13,124,0.01,0.117701,13.6867
1952,9.24,11,88,0.01,0.131908,13.6771
1953,13.84,16,133,0.01,0.115432,13.6608
1954,17.55,20,166,0.01,0.110749,13.6054
1955,9.34,11,78,0.01,0.117968,13.6242
1956,7.27,9,83,0.01,0.114244,13.5846
1957,5.51,7,57,0.01,0.111099,13.6221
1958,20.61,23,163,0.01,0.101587,13.6622
1959,13.94,16,123,0.01,0.128787,13.7263
1960,11.16,13,98,0.01,0.115564,13.7142
1961,16.57,19,163,0.01,0.115954,13.8333
1962,29.35,33,299,0.01,0.104618,13.908
1963,6.6,8,49,0.01,0.12302,13.9094
1964,17.41,20,180,0.01,0.112507,13.9353
1965,18.21,21,201,0.01,0.116081,14.016
1966,13.86,16,131,0.01,0.116394,14.0266
1967,20.48,23,176,0.01,0.124683,13.9864
1968,24.87,28,242,0.01,0.10856,14.0866
1969,10.87,13,127,0.01,0.097016,14.0925
1970,11.05,13,109,0.01,0.12687,14.0523
1971,14.08,16,109,0.01,0.123066,14.1013
1972,10.98,13,116,0.01,0.103492,14.0029
1973,28.43,32,290,0.01,0.108381,14.123
1974,29.1,33,324,0.01,0.105823,14.2293
1975,10.1,12,103,0.01,0.113486,14.2467
1976,17.45,20,176,0.01,0.111209,14.3177
1977,7.35,9,75,0.01,0.109577,14.2243
1978,10.06,12,107,0.01,0.098033,14.2509
1979,15.56,18,163,0.01,0.134331,14.221
1980,20.25,23,199,0.01,0.11174,14.3308
1981,18.33,21,189,0.01,0.112207,14.3404
1982,13.72,16,145,0.01,0.122222,14.2932
1983,14.75,17,143,0.01,0.115554,14.3193
1984,14.66,17,152,0.01,0.110267,14.1813
1985,18.09,21,213,0.01,0.108358,14.2241
1986,3.78,5,28,0.01,0.159093,14.1438
1987,14.8,17,138,0.01,0.108594,14.1171
1988,7.27,9,83,0.01,0.115219,14.0421
1989,7.49,9,61,0.01,0.112982,14.0168
1990,8.22,10,89,0.01,0.11145,14.0062
1991,11.17,13,97,0.01,0.110722,14.0103
1992,9.37,11,75,0.01,0.099292,13.8014
1993,8.18,10,93,0.01,0.097049,13.603
1994,22.27,25,199,0.01,0.107185,13.7694
1995,18.46,21,176,0.01,0.12338,13.8237
1996,18.98,22,225,0.01,0.131428,13.8289
1997,16.4,19,180,0.01,0.11925,13.843
1998,21.65,24,160,0.01,0.113137,13.8862
1999,13.9,16,127,0.01,0.102124,13.9036
2000,-0.16,1,18,0.01,0.113347,13.7455
